{http://www.deegree.org/app}abs,{http://www.deegree.org/app}strassenart,{http://www.deegree.org/app}strassennummer,{http://www.deegree.org/app}strasse,{http://www.deegree.org/app}strassenname,{http://www.deegree.org/app}landesschluessel,{http://www.deegree.org/app}gemeindeschluessel,{http://www.deegree.org/app}kreisschluessel,{http://www.deegree.org/app}abschnittslaenge,{http://www.deegree.org/app}laengenherkunft,{http://www.deegree.org/app}ast,{http://www.deegree.org/app}europastrasse,{http://www.deegree.org/app}geom,CRS
252500108K 252500108L,B,75,B 75,BAB A253 abgestuft zur B 75,2,701,7,520.0,,0,,"LINESTRING (9.998513 53.458840,9.998603 53.459294,9.998637 53.459540,9.998666 53.459813,9.998684 53.460165,9.998704 53.460703,9.998708 53.461435)",EPSG:4326
252500108K 252500108L,B,75,B 75,BAB A253 abgestuft zur B 75,2,701,7,520.0,,0,,"LINESTRING (9.998708 53.461435,9.998710 53.461838)",EPSG:4326
252500108K 252500108L,B,75,B 75,BAB A253 abgestuft zur B 75,2,703,7,520.0,,0,,"LINESTRING (9.998710 53.461838,9.998710 53.461928)",EPSG:4326
252500108K 252500108L,B,75,B 75,BAB A253 abgestuft zur B 75,2,703,7,520.0,,0,,"LINESTRING (9.998710 53.461928,9.998710 53.461935,9.998720 53.462495,9.998728 53.463497)",EPSG:4326
252500108M 252500108N,B,75,B 75,BAB A253 abgestuft zur B 75,2,703,7,21.0,,0,,"LINESTRING (9.998776 53.463316,9.998794 53.463333,9.998842 53.463368,9.998897 53.463400,9.998967 53.463423,9.999018 53.463430)",EPSG:4326
252500108I 252500108J,B,75,B 75,BAB A253 abgestuft zur B 75,2,703,7,33.0,,0,,"LINESTRING (9.996198 53.464876,9.996094 53.464848,9.995996 53.464831,9.995922 53.464825,9.995829 53.464824,9.995711 53.464832)",EPSG:4326
252500108G 252500108H,B,75,B 75,BAB A253 abgestuft zur B 75,2,703,7,471.0,,0,,"LINESTRING (9.998551 53.463678,9.998552 53.463758,9.998543 53.463805,9.998502 53.463878,9.998495 53.463888)",EPSG:4326
252500108G 252500108H,B,75,B 75,BAB A253 abgestuft zur B 75,2,703,7,471.0,,0,,"LINESTRING (9.998495 53.463888,9.998300 53.464190)",EPSG:4326
252500108G 252500108H,B,75,B 75,BAB A253 abgestuft zur B 75,2,703,7,471.0,,0,,"LINESTRING (9.998300 53.464190,9.998164 53.464401,9.997926 53.464776,9.997738 53.465041,9.997239 53.465843,9.996902 53.466374,9.996541 53.466901,9.996334 53.467182,9.995980 53.467615)",EPSG:4326
252500108C 252500108E,B,75,B 75,BAB A253 abgestuft zur B 75,2,703,7,411.0,,0,,"LINESTRING (9.995349 53.468030,9.995501 53.467805,9.996017 53.467112,9.996502 53.466425,9.996761 53.466038,9.996829 53.465933,9.996871 53.465812,9.996886 53.465696,9.996884 53.465607,9.996880 53.465595)",EPSG:4326
252500108C 252500108E,B,75,B 75,BAB A253 abgestuft zur B 75,2,703,7,411.0,,0,,"LINESTRING (9.996880 53.465595,9.996862 53.465526,9.996823 53.465440,9.996767 53.465358,9.996414 53.465022,9.996384 53.464995)",EPSG:4326
252500108C 252500108E,B,75,B 75,BAB A253 abgestuft zur B 75,2,703,7,411.0,,0,,"LINESTRING (9.996384 53.464995,9.996008 53.464646)",EPSG:4326
252500108D 252500108F,B,75,B 75,BAB A253 abgestuft zur B 75,2,703,7,458.0,,0,,"LINESTRING (9.996124 53.464593,9.996243 53.464683,9.996313 53.464744)",EPSG:4326
252500108D 252500108F,B,75,B 75,BAB A253 abgestuft zur B 75,2,703,7,458.0,,0,,"LINESTRING (9.996313 53.464744,9.996323 53.464753,9.996385 53.464805,9.996450 53.464842,9.996540 53.464878,9.996648 53.464905,9.996774 53.464922,9.996899 53.464923,9.997012 53.464912,9.997138 53.464886,9.997261 53.464839,9.997356 53.464791,9.997432 53.464726,9.997492 53.464658,9.997546 53.464559,9.997743 53.464096,9.997818 53.463878)",EPSG:4326
252500108D 252500108F,B,75,B 75,BAB A253 abgestuft zur B 75,2,701,7,458.0,,0,,"LINESTRING (9.997818 53.463878,9.997920 53.463577,9.997997 53.463335,9.998064 53.463084,9.998124 53.462856,9.998131 53.462823)",EPSG:4326
252500108D 252500108F,B,75,B 75,BAB A253 abgestuft zur B 75,2,703,7,458.0,,0,,"LINESTRING (9.998131 53.462823,9.998193 53.462543,9.998197 53.462520)",EPSG:4326
252500108D 252500108F,B,75,B 75,BAB A253 abgestuft zur B 75,2,703,7,458.0,,0,,"LINESTRING (9.998197 53.462520,9.998250 53.462254,9.998292 53.461957,9.998327 53.461650)",EPSG:4326
252500105K 252500105L,B,75,B 75,BAB A253 abgestuft zur B 75,2,705,7,481.0,,0,,"LINESTRING (9.993363 53.453504,9.993580 53.453602)",EPSG:4326
252500105K 252500105L,B,75,B 75,BAB A253 abgestuft zur B 75,2,701,7,481.0,,0,,"LINESTRING (9.993580 53.453602,9.993821 53.453710,9.994218 53.453901,9.994493 53.454047,9.994999 53.454328,9.995371 53.454531,9.995595 53.454633,9.995608 53.454638)",EPSG:4326
252500105K 252500105L,B,75,B 75,BAB A253 abgestuft zur B 75,2,701,7,481.0,,0,,"LINESTRING (9.995608 53.454638,9.995906 53.454753,9.996114 53.454804,9.996325 53.454838,9.996564 53.454859,9.996776 53.454862,9.997029 53.454857,9.997109 53.454860)",EPSG:4326
252500105K 252500105L,B,75,B 75,BAB A253 abgestuft zur B 75,2,701,7,481.0,,0,,"LINESTRING (9.997109 53.454860,9.997248 53.454864,9.997447 53.454886,9.997579 53.454913,9.997728 53.454955,9.997866 53.455010,9.998017 53.455096,9.998090 53.455147)",EPSG:4326
252500105K 252500105L,B,75,B 75,BAB A253 abgestuft zur B 75,2,701,7,481.0,,0,,"LINESTRING (9.998090 53.455147,9.998137 53.455179,9.998890 53.455835)",EPSG:4326
252500105K 252500105L,B,75,B 75,BAB A253 abgestuft zur B 75,2,703,7,481.0,,0,,"LINESTRING (9.998890 53.455835,9.999002 53.455931)",EPSG:4326
252500105C 252500105D,B,75,B 75,BAB A253 abgestuft zur B 75,2,703,7,550.0,,0,,"LINESTRING (9.998327 53.461650,9.998368 53.461171,9.998376 53.460828,9.998352 53.460057,9.998299 53.459504,9.998258 53.459216,9.998221 53.459033,9.998181 53.458849,9.998150 53.458744,9.998109 53.458626,9.998055 53.458492,9.997989 53.458369,9.997951 53.458303)",EPSG:4326
252500105C 252500105D,B,75,B 75,BAB A253 abgestuft zur B 75,2,703,7,550.0,,0,,"LINESTRING (9.997951 53.458303,9.997928 53.458264,9.997809 53.458087,9.997517 53.457701,9.997429 53.457586)",EPSG:4326
252500105C 252500105D,B,75,B 75,BAB A253 abgestuft zur B 75,2,703,7,550.0,,0,,"LINESTRING (9.997429 53.457586,9.997243 53.457345,9.996905 53.456860)",EPSG:4326
252500107 252500104,B,75,B 75,BAB A253 abgestuft zur B 75,2,705,7,459.0,,0,,"LINESTRING (9.980928 53.451359,9.981601 53.451276,9.983508 53.451031,9.983633 53.451015,9.983738 53.451006,9.983910 53.450992,9.984028 53.450984,9.984190 53.450974,9.984416 53.450972,9.984601 53.450980,9.984934 53.451005,9.985229 53.451035,9.985471 53.451072,9.985669 53.451111,9.985852 53.451153,9.986111 53.451221,9.986574 53.451356,9.987539 53.451670)",EPSG:4326
252500105P 252500105Q,B,75,B 75,BAB A253 abgestuft zur B 75,2,701,7,406.0,,0,,"LINESTRING (9.996810 53.456736,9.996148 53.455857)",EPSG:4326
252500105P 252500105Q,B,75,B 75,BAB A253 abgestuft zur B 75,2,701,7,406.0,,0,,"LINESTRING (9.996148 53.455857,9.995758 53.455339)",EPSG:4326
252500105P 252500105Q,B,75,B 75,BAB A253 abgestuft zur B 75,2,701,7,406.0,,0,,"LINESTRING (9.995758 53.455339,9.995530 53.455035,9.995419 53.454920,9.995321 53.454837)",EPSG:4326
252500105P 252500105Q,B,75,B 75,BAB A253 abgestuft zur B 75,2,701,7,406.0,,0,,"LINESTRING (9.995321 53.454837,9.995294 53.454815,9.995088 53.454668,9.994806 53.454490,9.994346 53.454226,9.994022 53.454060,9.993789 53.453946,9.993416 53.453777)",EPSG:4326
252500104 252500105,B,75,B 75,BAB A253 abgestuft zur B 75,2,705,7,876.0,,0,,"LINESTRING (9.987539 53.451670,9.991401 53.452898,9.991824 53.453048,9.992358 53.453230,9.992788 53.453401,9.993232 53.453580,9.993500 53.453693)",EPSG:4326
242600016G 242600016H,B,5,B 5,Bergedorfer Straße,2,128,1,673.0,,0,,"LINESTRING (10.084499 53.545733,10.084475 53.545759,10.084452 53.545779)",EPSG:4326
252500104 252500105,B,75,B 75,BAB A253 abgestuft zur B 75,2,703,7,876.0,,0,,"LINESTRING (9.993500 53.453693,9.993533 53.453707,9.993927 53.453888,9.994213 53.454035,9.994546 53.454216,9.994898 53.454415,9.995225 53.454626,9.995532 53.454837,9.995962 53.455155,9.996253 53.455393,9.996509 53.455628,9.996822 53.455938,9.997005 53.456134,9.997183 53.456345,9.997390 53.456633)",EPSG:4326
252500108 252500100,B,75,B 75,BAB A253 abgestuft zur B 75,2,703,7,886.0,,0,,"LINESTRING (9.998047 53.463738,9.997921 53.464065,9.997762 53.464459,9.997521 53.464968,9.997495 53.465034,9.997382 53.465257,9.997250 53.465507,9.996939 53.466035,9.996601 53.466557,9.996322 53.466949,9.996023 53.467364,9.995642 53.467862)",EPSG:4326
252500108 252500100,B,75,B 75,BAB A253 abgestuft zur B 75,2,702,7,886.0,,0,,"LINESTRING (9.995642 53.467862,9.995205 53.468433,9.994987 53.468761,9.994868 53.468957,9.994765 53.469154,9.994677 53.469355,9.994594 53.469576,9.994546 53.469784,9.994506 53.469992,9.994488 53.470205,9.994507 53.470468,9.994544 53.470663,9.994583 53.470835,9.994627 53.470987,9.994710 53.471196,9.994773 53.471307,9.994775 53.471312)",EPSG:4326
252500105R 252500105S,B,75,B 75,BAB A253 abgestuft zur B 75,2,701,7,104.0,,0,,"LINESTRING (9.995398 53.457090,9.995658 53.457021,9.996403 53.456822,9.996471 53.456802,9.996513 53.456788,9.996549 53.456768,9.996575 53.456751,9.996607 53.456720,9.996638 53.456672,9.996649 53.456643,9.996656 53.456607)",EPSG:4326
252500105E 252500105F,B,75,B 75,BAB A253 abgestuft zur B 75,2,703,7,93.0,,0,,"LINESTRING (9.997397 53.457620,9.997284 53.457489,9.996991 53.457095,9.996941 53.457057,9.996888 53.457031,9.996818 53.457009,9.996741 53.456989,9.996629 53.456971)",EPSG:4326
252500105T 252500105U,B,75,B 75,BAB A253 abgestuft zur B 75,2,701,7,119.0,,0,,"LINESTRING (9.997799 53.456387,9.998489 53.456103,9.998546 53.456072,9.998603 53.456028,9.998630 53.455997,9.998647 53.455969,9.998662 53.455936,9.998674 53.455892,9.998675 53.455859,9.998666 53.455821,9.998646 53.455785,9.998618 53.455752,9.998449 53.455602)",EPSG:4326
252500105 252500108,B,75,B 75,BAB A253 abgestuft zur B 75,2,703,7,802.0,,0,,"LINESTRING (9.997390 53.456633,9.997466 53.456731,9.997539 53.456842,9.997604 53.456934,9.997732 53.457145,9.997807 53.457285,9.997897 53.457468,9.997987 53.457672,9.998068 53.457867,9.998168 53.458172,9.998246 53.458420,9.998328 53.458773,9.998383 53.459025,9.998432 53.459283,9.998481 53.459666,9.998528 53.460268,9.998535 53.460485,9.998542 53.460855,9.998522 53.461301,9.998487 53.461589,9.998480 53.461715)",EPSG:4326
252500105 252500108,B,75,B 75,BAB A253 abgestuft zur B 75,2,701,7,802.0,,0,,"LINESTRING (9.998480 53.461715,9.998476 53.461794,9.998440 53.462061,9.998344 53.462594,9.998245 53.463038,9.998185 53.463263,9.998047 53.463738)",EPSG:4326
252500104K 252500104L,B,75,B 75,BAB A253 abgestuft zur B 75,2,705,7,451.0,,0,,"LINESTRING (9.987614 53.451346,9.987728 53.451423,9.987814 53.451464,9.987985 53.451526)",EPSG:4326
252500104K 252500104L,B,75,B 75,BAB A253 abgestuft zur B 75,2,705,7,451.0,,0,,"LINESTRING (9.987985 53.451526,9.989956 53.452242)",EPSG:4326
252500104K 252500104L,B,75,B 75,BAB A253 abgestuft zur B 75,2,705,7,451.0,,0,,"LINESTRING (9.989956 53.452242,9.991063 53.452644,9.991513 53.452806,9.991956 53.452964)",EPSG:4326
252500104K 252500104L,B,75,B 75,BAB A253 abgestuft zur B 75,2,705,7,451.0,,0,,"LINESTRING (9.991956 53.452964,9.992015 53.452985,9.992445 53.453139,9.992735 53.453248,9.993098 53.453392,9.993362 53.453504)",EPSG:4326
252500104G 252500104H,B,75,B 75,BAB A253 abgestuft zur B 75,2,705,7,422.0,,0,,"LINESTRING (9.993416 53.453777,9.993183 53.453671,9.992849 53.453528,9.992549 53.453408,9.992249 53.453298,9.991957 53.453195,9.991623 53.453100,9.991329 53.453010,9.990954 53.452908,9.990816 53.452871)",EPSG:4326
252500104G 252500104H,B,75,B 75,BAB A253 abgestuft zur B 75,2,705,7,422.0,,0,,"LINESTRING (9.990816 53.452871,9.990208 53.452708,9.988008 53.452114)",EPSG:4326
252500104G 252500104H,B,75,B 75,BAB A253 abgestuft zur B 75,2,705,7,422.0,,0,,"LINESTRING (9.988008 53.452114,9.987977 53.452106,9.987739 53.452114)",EPSG:4326
252500105M 252500105N,B,75,B 75,BAB A253 abgestuft zur B 75,2,703,7,605.0,,0,,"LINESTRING (9.998926 53.455968,9.998815 53.455871)",EPSG:4326
252500105M 252500105N,B,75,B 75,BAB A253 abgestuft zur B 75,2,701,7,605.0,,0,,"LINESTRING (9.998815 53.455871,9.998487 53.455585,9.998331 53.455478,9.998290 53.455443)",EPSG:4326
252500105M 252500105N,B,75,B 75,BAB A253 abgestuft zur B 75,2,701,7,605.0,,0,,"LINESTRING (9.998290 53.455443,9.998034 53.455227,9.997940 53.455168,9.997832 53.455120,9.997706 53.455079,9.997552 53.455059,9.997418 53.455060,9.997286 53.455075,9.997171 53.455106,9.997053 53.455161,9.996964 53.455217,9.996902 53.455296,9.996872 53.455343,9.996857 53.455441,9.996858 53.455503,9.996899 53.455603,9.996974 53.455716,9.997130 53.455960,9.997314 53.456237)",EPSG:4326
252500105M 252500105N,B,75,B 75,BAB A253 abgestuft zur B 75,2,701,7,605.0,,0,,"LINESTRING (9.997314 53.456237,9.997367 53.456317,9.997515 53.456538)",EPSG:4326
252500105M 252500105N,B,75,B 75,BAB A253 abgestuft zur B 75,2,703,7,605.0,,0,,"LINESTRING (9.997515 53.456538,9.997847 53.457034,9.997975 53.457272,9.998059 53.457432,9.998141 53.457616,9.998228 53.457831,9.998270 53.457946,9.998321 53.458083,9.998369 53.458248,9.998440 53.458507,9.998493 53.458736,9.998513 53.458840)",EPSG:4326
252500111 252500102,B,75,B 75,Bremer Straße,2,709,7,492.0,,0,,"LINESTRING (9.931405 53.428996,9.931446 53.429047,9.931537 53.429170,9.931630 53.429304,9.931713 53.429439,9.931788 53.429566,9.931845 53.429676,9.931876 53.429735,9.931903 53.429803,9.931919 53.429862,9.931925 53.429896)",EPSG:4326
252500111 252500102,B,75,B 75,Bremer Straße,2,709,7,492.0,,0,,"LINESTRING (9.931925 53.429896,9.931932 53.429944,9.931940 53.429996,9.931960 53.430063,9.932008 53.430206,9.932044 53.430344,9.932122 53.430605,9.932181 53.430814,9.932207 53.430895,9.932228 53.430941,9.932291 53.431048,9.932292 53.431053)",EPSG:4326
252500111 252500102,B,75,B 75,Bremer Straße,2,709,7,492.0,,0,,"LINESTRING (9.932292 53.431053,9.932359 53.431259,9.932427 53.431509,9.932481 53.431710,9.932524 53.431869,9.932565 53.432029,9.932598 53.432210)",EPSG:4326
252500111 252500102,B,75,B 75,Bremer Straße,2,709,7,492.0,,0,,"LINESTRING (9.932598 53.432210,9.932609 53.432271,9.932719 53.432672,9.932736 53.432743,9.932833 53.433068,9.932921 53.433319)",EPSG:4326
242600129C 242600129D,B,75,B 75,Wilhelmsburger Reichsstraße,2,137,1,489.0,,0,,"LINESTRING (10.015275 53.518575,10.015049 53.518526,10.014897 53.518495,10.014738 53.518453,10.014633 53.518424,10.014535 53.518391,10.014409 53.518331,10.014313 53.518273,10.014139 53.518166,10.013932 53.518003,10.013846 53.517942)",EPSG:4326
242600129C 242600129D,B,75,B 75,Wilhelmsburger Reichsstraße,2,137,1,489.0,,0,,"LINESTRING (10.013846 53.517942,10.013662 53.517810)",EPSG:4326
242600129C 242600129D,B,75,B 75,Wilhelmsburger Reichsstraße,2,137,1,489.0,,0,,"LINESTRING (10.013662 53.517810,10.013570 53.517745,10.013454 53.517660,10.013277 53.517552,10.013067 53.517438,10.012922 53.517374,10.012772 53.517321,10.012620 53.517276,10.012384 53.517225,10.012132 53.517177,10.011419 53.517058)",EPSG:4326
242600129C 242600129D,B,75,B 75,Wilhelmsburger Reichsstraße,2,137,1,489.0,,0,,"LINESTRING (10.011419 53.517058,10.011270 53.517033,10.009792 53.516758,10.008919 53.516574)",EPSG:4326
242600017G 242600017H,B,5,B 5,Bergedorfer Straße,2,130,1,605.0,,0,,"LINESTRING (10.104353 53.537556,10.104293 53.537580,10.104047 53.537689,10.103912 53.537750,10.103554 53.537916,10.103043 53.538151,10.102862 53.538234)",EPSG:4326
242600017G 242600017H,B,5,B 5,Bergedorfer Straße,2,130,1,605.0,,0,,"LINESTRING (10.107620 53.536336,10.107382 53.536437,10.107115 53.536548,10.106944 53.536615,10.106633 53.536735,10.106302 53.536855,10.105753 53.537053,10.105200 53.537249,10.104873 53.537365,10.104534 53.537487,10.104379 53.537545,10.104353 53.537556)",EPSG:4326
242600017G 242600017H,B,5,B 5,Bergedorfer Straße,2,130,1,605.0,,0,,"LINESTRING (10.102862 53.538234,10.102548 53.538378,10.102311 53.538488,10.101903 53.538675,10.101591 53.538819,10.101581 53.538823)",EPSG:4326
242600017G 242600017H,B,5,B 5,Bergedorfer Straße,2,130,1,605.0,,0,,"LINESTRING (10.101581 53.538823,10.101463 53.538878,10.101368 53.538921,10.101191 53.539003,10.101045 53.539070,10.100759 53.539202,10.100441 53.539349,10.100393 53.539373,10.100313 53.539418,10.100178 53.539494)",EPSG:4326
242600129M 242600129N,B,75,B 75,Wilhelmsburger Reichsstraße,2,137,1,788.0,,0,,"LINESTRING (10.012784 53.516931,10.012814 53.516932)",EPSG:4326
242600129M 242600129N,B,75,B 75,Wilhelmsburger Reichsstraße,2,137,1,788.0,,0,,"LINESTRING (10.008355 53.516213,10.008735 53.516259,10.009386 53.516372,10.010847 53.516637,10.012158 53.516886,10.012317 53.516908,10.012489 53.516923,10.012673 53.516931,10.012784 53.516931)",EPSG:4326
242600129M 242600129N,B,75,B 75,Wilhelmsburger Reichsstraße,2,137,1,788.0,,0,,"LINESTRING (10.012814 53.516932,10.012861 53.516932,10.013125 53.516920,10.013359 53.516885,10.013563 53.516845,10.013726 53.516805,10.013983 53.516721,10.014452 53.516548,10.014991 53.516359,10.015132 53.516325,10.015295 53.516300,10.015438 53.516291,10.015578 53.516295,10.015724 53.516310,10.015930 53.516362,10.016105 53.516436,10.016235 53.516522,10.016341 53.516644,10.016405 53.516765,10.016410 53.516883,10.016393 53.516988,10.016342 53.517111,10.016276 53.517220,10.015794 53.517959,10.015706 53.518117,10.015596 53.518351,10.015562 53.518478)",EPSG:4326
242600017K 242600017L,B,5,B 5,Bergedorfer Straße,2,130,1,538.0,,0,,"LINESTRING (10.100140 53.538315,10.101202 53.538107)",EPSG:4326
232500025 232500011,B,432,B 432,Oldesloer Straße,2,318,3,182.0,,0,,"LINESTRING (9.948295 53.649556,9.948305 53.649586,9.948387 53.649648,9.948432 53.649688,9.948900 53.650001,9.949048 53.650116,9.949083 53.650142,9.949185 53.650215,9.949244 53.650257,9.949329 53.650309,9.949510 53.650410)",EPSG:4326
232500025 232500011,B,432,B 432,Oldesloer Straße,2,318,3,182.0,,0,,"LINESTRING (9.949510 53.650410,9.949689 53.650509,9.949836 53.650609,9.949961 53.650695,9.950087 53.650789)",EPSG:4326
242600017C 242600017D,B,5,B 5,Bergedorfer Straße,2,130,1,678.0,,0,,"LINESTRING (10.099871 53.539489,10.099792 53.539515,10.099695 53.539544,10.099640 53.539558,10.099492 53.539585,10.099264 53.539625,10.099089 53.539659,10.099078 53.539661)",EPSG:4326
242600017C 242600017D,B,5,B 5,Bergedorfer Straße,2,130,1,678.0,,0,,"LINESTRING (10.099078 53.539661,10.098921 53.539692,10.098817 53.539713,10.098457 53.539783,10.098108 53.539850,10.097047 53.540060,10.096865 53.540096)",EPSG:4326
242600017C 242600017D,B,5,B 5,Bergedorfer Straße,2,130,1,678.0,,0,,"LINESTRING (10.096865 53.540096,10.096633 53.540141,10.096447 53.540183,10.096338 53.540209,10.096115 53.540266,10.096069 53.540278,10.096021 53.540292,10.095967 53.540307,10.095907 53.540325,10.095732 53.540380,10.095595 53.540424,10.095537 53.540442,10.095398 53.540489,10.094903 53.540661,10.094651 53.540750,10.094466 53.540816,10.094007 53.540978,10.093658 53.541102,10.093504 53.541158,10.093410 53.541192,10.093263 53.541245,10.092883 53.541384,10.092785 53.541419,10.092623 53.541478,10.092495 53.541524,10.091755 53.541798,10.090727 53.542183)",EPSG:4326
232600074 232600072,B,433,B 433,Zeppelinstraße,2,431,4,779.0,,0,,"LINESTRING (10.008699 53.627583,10.008671 53.627764,10.008623 53.628124,10.008606 53.628365,10.008601 53.628452)",EPSG:4326
232600074 232600072,B,433,B 433,Zeppelinstraße,2,431,4,779.0,,0,,"LINESTRING (10.008601 53.628452,10.008597 53.628531,10.008596 53.628680,10.008603 53.629062,10.008620 53.629332,10.008626 53.629433,10.008637 53.629549,10.008666 53.629773,10.008674 53.629825)",EPSG:4326
232600074 232600072,B,433,B 433,Zeppelinstraße,2,431,4,779.0,,0,,"LINESTRING (10.008674 53.629825,10.008709 53.630047,10.008778 53.630405,10.008830 53.630618,10.008878 53.630805,10.008889 53.630853,10.008934 53.631037,10.008989 53.631244,10.009064 53.631526,10.009098 53.631649)",EPSG:4326
232600074 232600072,B,433,B 433,Zeppelinstraße,2,431,4,779.0,,0,,"LINESTRING (10.009098 53.631649,10.009117 53.631721,10.009142 53.631811,10.009216 53.632089,10.009254 53.632244,10.009287 53.632387,10.009319 53.632520,10.009389 53.632847,10.009423 53.633031,10.009433 53.633081,10.009460 53.633232,10.009497 53.633475,10.009522 53.633657,10.009541 53.633807,10.009566 53.634017,10.009592 53.634268,10.009596 53.634315,10.009610 53.634541)",EPSG:4326
232600072M 232600072N,B,433,B 433,Zeppelinstraße,2,431,4,893.0,,0,,"LINESTRING (10.009122 53.630268,10.009147 53.630307,10.009181 53.630398,10.009564 53.631954)",EPSG:4326
232600072M 232600072N,B,433,B 433,Zeppelinstraße,2,431,4,893.0,,0,,"LINESTRING (10.009564 53.631954,10.009576 53.632002,10.009662 53.632344,10.009919 53.633406,10.009975 53.633669,10.010020 53.633905,10.010032 53.633982,10.010028 53.634062,10.010016 53.634144,10.009896 53.635614,10.009861 53.635801,10.009836 53.635927,10.009815 53.636048,10.009799 53.636150,10.009792 53.636272,10.009756 53.636679,10.009736 53.636831,10.009719 53.636974,10.009696 53.637105,10.009668 53.637235,10.009633 53.637377,10.009596 53.637502,10.009549 53.637626,10.009505 53.637751,10.009448 53.637880,10.009391 53.637987,10.009242 53.638209)",EPSG:4326
242600016P 242600016Q,B,5,B 5,Bergedorfer Straße,2,128,1,483.0,,0,,"LINESTRING (10.077364 53.547625,10.078165 53.547300,10.078389 53.547207,10.078736 53.547065,10.079131 53.546900,10.079241 53.546853,10.079513 53.546734,10.079856 53.546579,10.080283 53.546374,10.080370 53.546329,10.080475 53.546271)",EPSG:4326
242600016P 242600016Q,B,5,B 5,Bergedorfer Straße,2,128,1,483.0,,0,,"LINESTRING (10.080475 53.546271,10.080670 53.546161,10.080840 53.546068,10.080975 53.545994,10.081392 53.545768,10.081554 53.545683,10.081761 53.545572,10.081908 53.545493,10.082041 53.545423,10.082165 53.545357,10.082244 53.545315)",EPSG:4326
242600016P 242600016Q,B,5,B 5,Bergedorfer Straße,2,128,1,483.0,,0,,"LINESTRING (10.082244 53.545315,10.082255 53.545309,10.082316 53.545276,10.082361 53.545253,10.082457 53.545201,10.082560 53.545146,10.082630 53.545109,10.082698 53.545073,10.082763 53.545038,10.082802 53.545016,10.082858 53.544988,10.082897 53.544970,10.082922 53.544960,10.082953 53.544948,10.082982 53.544939,10.083019 53.544930,10.083059 53.544927,10.083065 53.544926)",EPSG:4326
232500025G 232500025H,B,433,B 433,Swebenweg,2,318,3,80.0,,0,,"LINESTRING (9.949570 53.649416,9.949367 53.649471,9.949165 53.649517,9.948906 53.649573,9.948828 53.649589,9.948780 53.649606,9.948752 53.649620,9.948717 53.649642,9.948703 53.649660,9.948690 53.649685,9.948684 53.649709,9.948676 53.649733)",EPSG:4326
242600129E 242600129F,B,75,B 75,Wilhelmsburger Reichsstraße,2,136,1,501.0,,0,,"LINESTRING (10.019805 53.517629,10.019176 53.517640,10.018340 53.517643,10.017799 53.517630,10.017319 53.517620,10.016807 53.517603,10.016222 53.517578,10.015400 53.517526,10.015101 53.517511,10.014934 53.517507,10.014796 53.517510,10.014661 53.517523)",EPSG:4326
242600129E 242600129F,B,75,B 75,Wilhelmsburger Reichsstraße,2,136,1,501.0,,0,,"LINESTRING (10.014661 53.517523,10.014644 53.517525,10.014619 53.517533)",EPSG:4326
242600129E 242600129F,B,75,B 75,Wilhelmsburger Reichsstraße,2,136,1,501.0,,0,,"LINESTRING (10.014619 53.517533,10.014442 53.517589,10.014318 53.517667,10.014252 53.517756)",EPSG:4326
242600129E 242600129F,B,75,B 75,Wilhelmsburger Reichsstraße,2,136,1,501.0,,0,,"LINESTRING (10.014252 53.517756,10.014224 53.517794,10.014210 53.517909,10.014227 53.518017,10.014300 53.518103,10.014370 53.518161,10.014478 53.518228,10.014559 53.518273,10.014713 53.518327,10.014877 53.518376,10.015133 53.518436,10.015320 53.518475)",EPSG:4326
242600017 242600016,B,5,B 5,Bergedorfer Straße,2,130,1,1285.0,,0,,"LINESTRING (10.099603 53.538958,10.099344 53.539043,10.099150 53.539107,10.098324 53.539379,10.098004 53.539484,10.097606 53.539617)",EPSG:4326
242600017 242600016,B,5,B 5,Bergedorfer Straße,2,128,1,1285.0,,0,,"LINESTRING (10.097606 53.539617,10.097606 53.539617,10.097153 53.539770,10.096816 53.539885,10.096380 53.540032,10.095810 53.540228,10.095444 53.540354,10.095017 53.540503,10.094864 53.540556,10.094678 53.540622,10.094504 53.540684,10.094300 53.540757,10.093964 53.540876,10.093788 53.540938,10.093559 53.541021,10.093265 53.541125,10.093006 53.541219,10.092718 53.541324,10.092600 53.541368,10.092453 53.541422,10.092281 53.541485,10.092130 53.541541,10.091922 53.541618,10.091633 53.541725,10.091460 53.541789,10.091292 53.541852,10.091115 53.541919,10.091021 53.541954,10.090859 53.542016,10.090611 53.542109,10.090277 53.542236,10.090082 53.542310,10.089775 53.542427,10.089649 53.542475,10.089448 53.542553,10.089253 53.542628,10.089107 53.542684,10.088976 53.542735,10.088800 53.542804,10.088677 53.542852,10.088518 53.542914,10.088390 53.542965,10.088195 53.543041,10.087998 53.543117,10.087823 53.543187,10.087677 53.543245,10.087486 53.543321,10.087419 53.543347,10.087306 53.543392,10.087016 53.543507,10.086881 53.543563,10.086627 53.543665,10.086466 53.543730,10.086302 53.543797,10.086145 53.543862,10.086037 53.543908,10.085966 53.543938,10.085798 53.544007,10.085495 53.544135,10.085401 53.544176,10.085326 53.544209,10.085117 53.544298,10.084989 53.544353,10.084856 53.544411,10.084592 53.544524,10.084417 53.544600,10.084326 53.544641,10.084161 53.544716,10.083516 53.545015,10.083219 53.545151)",EPSG:4326
232600074I 232600074J,B,433,B 433,Zeppelinstraße,2,431,4,237.0,,0,,"LINESTRING (10.009066 53.627740,10.008988 53.627991,10.008935 53.628196,10.008887 53.628400,10.008869 53.628593,10.008836 53.628924,10.008802 53.629408,10.008792 53.629555,10.008791 53.629683,10.008800 53.629812)",EPSG:4326
232600072C 232600072D,B,433,B 433,Zeppelinstraße,2,432,4,522.0,,0,,"LINESTRING (10.008091 53.639040,10.008248 53.638919,10.008396 53.638788,10.008591 53.638611,10.008745 53.638448,10.008859 53.638309,10.008969 53.638161,10.009055 53.638017,10.009174 53.637765)",EPSG:4326
232600072C 232600072D,B,433,B 433,Zeppelinstraße,2,431,4,522.0,,0,,"LINESTRING (10.009174 53.637765,10.009207 53.637696,10.009277 53.637518,10.009330 53.637318,10.009352 53.637177,10.009364 53.637017,10.009348 53.636741,10.009346 53.636696)",EPSG:4326
232600072C 232600072D,B,433,B 433,Zeppelinstraße,2,431,4,522.0,,0,,"LINESTRING (10.009346 53.636696,10.009315 53.635872,10.009303 53.635772,10.009281 53.635693,10.009248 53.635616,10.009205 53.635539,10.009158 53.635480,10.009097 53.635421,10.009033 53.635368,10.008946 53.635314)",EPSG:4326
232600072C 232600072D,B,433,B 433,Zeppelinstraße,2,431,4,522.0,,0,,"LINESTRING (10.008946 53.635314,10.008940 53.635310,10.008791 53.635238,10.008681 53.635197,10.008582 53.635167,10.008403 53.635131,10.008289 53.635116,10.008168 53.635108,10.008022 53.635101,10.007899 53.635095,10.007798 53.635089)",EPSG:4326
242600017P 242600017Q,B,5,B 5,Bergedorfer Straße,2,130,1,651.0,,0,,"LINESTRING (10.091027 53.541837,10.091786 53.541552,10.092457 53.541306,10.092891 53.541148,10.093764 53.540834,10.095022 53.540388,10.095317 53.540275,10.095479 53.540211,10.095615 53.540156,10.095998 53.539991)",EPSG:4326
242600017P 242600017Q,B,5,B 5,Bergedorfer Straße,2,130,1,651.0,,0,,"LINESTRING (10.095998 53.539991,10.096232 53.539890,10.096423 53.539807,10.096559 53.539745,10.096717 53.539671,10.096983 53.539546,10.097156 53.539461,10.097272 53.539403,10.097504 53.539284,10.097629 53.539219,10.097814 53.539122,10.097923 53.539060,10.098030 53.538999,10.098151 53.538930,10.098274 53.538859)",EPSG:4326
242600017P 242600017Q,B,5,B 5,Bergedorfer Straße,2,130,1,651.0,,0,,"LINESTRING (10.098274 53.538859,10.098396 53.538790,10.098471 53.538746)",EPSG:4326
242600017P 242600017Q,B,5,B 5,Bergedorfer Straße,2,130,1,651.0,,0,,"LINESTRING (10.098471 53.538746,10.098608 53.538667,10.098686 53.538622,10.098839 53.538538,10.098914 53.538500,10.099062 53.538418)",EPSG:4326
242600017K 242600017L,B,5,B 5,Bergedorfer Straße,2,130,1,538.0,,0,,"LINESTRING (10.099366 53.538509,10.099405 53.538489,10.099451 53.538469,10.099494 53.538453,10.099551 53.538435,10.099601 53.538423,10.099696 53.538403,10.100140 53.538315)",EPSG:4326
242600017K 242600017L,B,5,B 5,Bergedorfer Straße,2,130,1,538.0,,0,,"LINESTRING (10.101202 53.538107,10.102090 53.537932,10.102473 53.537855,10.102561 53.537837,10.102652 53.537817,10.102862 53.537767,10.103051 53.537719,10.103217 53.537670,10.103456 53.537598,10.103879 53.537462,10.104600 53.537222,10.104796 53.537156,10.105079 53.537057,10.105385 53.536950,10.105598 53.536875,10.105834 53.536789,10.106006 53.536729,10.106170 53.536668,10.106704 53.536480)",EPSG:4326
222600003 222600004,B,432,B 432,Segeberger Chaussee,2,522,5,964.0,,0,,"LINESTRING (10.076743 53.713732,10.076907 53.713833,10.077090 53.713950,10.077576 53.714248,10.078524 53.714837,10.079381 53.715363)",EPSG:4326
222600003 222600004,B,432,B 432,Segeberger Chaussee,2,522,5,964.0,,0,,"LINESTRING (10.079381 53.715363,10.079905 53.715685,10.081522 53.716679)",EPSG:4326
222600003 222600004,B,432,B 432,Segeberger Chaussee,2,522,5,964.0,,0,,"LINESTRING (10.081522 53.716679,10.081547 53.716695,10.082497 53.717276,10.083629 53.717971,10.083987 53.718192,10.084689 53.718622,10.086900 53.719985)",EPSG:4326
222600001 222600002,B,432,B 432,Segeberger Chaussee,2,522,5,294.0,,0,,"LINESTRING (10.070629 53.709973,10.071121 53.710284,10.071518 53.710529,10.072304 53.711011,10.072922 53.711387,10.073620 53.711819)",EPSG:4326
222600001 222600002,B,432,B 432,Segeberger Chaussee,2,522,5,294.0,,0,,"LINESTRING (10.073620 53.711819,10.073725 53.711884)",EPSG:4326
242600016G 242600016H,B,5,B 5,Bergedorfer Straße,2,128,1,673.0,,0,,"LINESTRING (10.090727 53.542184,10.090185 53.542390,10.089889 53.542504,10.089672 53.542586,10.089586 53.542619,10.089420 53.542683,10.089265 53.542744,10.089050 53.542827,10.088630 53.542992,10.088420 53.543074,10.088295 53.543122,10.088136 53.543184,10.087847 53.543299,10.087569 53.543410,10.087126 53.543588,10.086838 53.543704,10.086476 53.543850,10.086317 53.543915,10.086095 53.544007,10.085932 53.544074,10.085878 53.544099,10.085809 53.544130,10.085760 53.544153,10.085702 53.544183,10.085653 53.544208,10.085611 53.544230,10.085572 53.544253,10.085519 53.544283,10.085463 53.544317,10.085419 53.544345,10.085365 53.544378,10.085317 53.544408,10.085253 53.544451,10.085197 53.544492,10.085162 53.544519,10.085129 53.544546,10.085068 53.544603,10.085001 53.544669,10.084951 53.544726,10.084914 53.544773,10.084891 53.544802,10.084877 53.544826,10.084849 53.544875,10.084825 53.544921,10.084793 53.544986,10.084752 53.545078)",EPSG:4326
242600016G 242600016H,B,5,B 5,Bergedorfer Straße,2,128,1,673.0,,0,,"LINESTRING (10.084752 53.545078,10.084746 53.545092,10.084733 53.545131,10.084717 53.545186,10.084702 53.545239,10.084687 53.545293,10.084680 53.545321,10.084673 53.545346,10.084660 53.545402,10.084645 53.545458,10.084629 53.545510,10.084616 53.545545,10.084606 53.545571,10.084582 53.545617,10.084565 53.545646,10.084548 53.545670,10.084528 53.545698,10.084506 53.545727,10.084499 53.545733)",EPSG:4326
242600016G 242600016H,B,5,B 5,Bergedorfer Straße,2,128,1,673.0,,0,,"LINESTRING (10.084452 53.545779,10.084440 53.545791,10.084410 53.545816,10.084376 53.545844,10.084349 53.545862,10.084290 53.545901,10.084252 53.545923,10.084215 53.545943,10.084171 53.545966,10.084126 53.545987,10.084073 53.546010,10.084030 53.546027,10.083989 53.546041,10.083822 53.546088,10.083582 53.546146)",EPSG:4326
242600016I 242600016J,B,5,B 5,Bergedorfer Straße,2,128,1,461.0,,0,,"LINESTRING (10.083562 53.546044,10.083819 53.545983,10.083858 53.545972,10.083896 53.545959,10.083954 53.545939,10.084015 53.545915,10.084046 53.545902)",EPSG:4326
242600016I 242600016J,B,5,B 5,Bergedorfer Straße,2,128,1,461.0,,0,,"LINESTRING (10.084046 53.545902,10.084084 53.545886,10.084117 53.545871,10.084144 53.545856,10.084197 53.545824,10.084237 53.545799,10.084268 53.545778,10.084296 53.545755,10.084330 53.545725,10.084371 53.545683,10.084396 53.545652,10.084416 53.545624,10.084429 53.545603,10.084439 53.545577,10.084447 53.545546,10.084451 53.545519,10.084452 53.545487,10.084451 53.545468,10.084447 53.545445,10.084440 53.545423,10.084432 53.545402,10.084425 53.545387,10.084415 53.545370,10.084402 53.545349,10.084384 53.545325,10.084368 53.545307,10.084349 53.545287,10.084328 53.545270,10.084302 53.545251,10.084273 53.545232,10.084231 53.545209,10.084206 53.545196,10.084181 53.545184,10.084157 53.545174,10.084135 53.545164,10.084108 53.545155,10.084087 53.545149,10.084055 53.545141,10.084033 53.545135,10.084013 53.545131,10.083991 53.545127,10.083965 53.545123,10.083933 53.545119,10.083893 53.545116,10.083835 53.545115,10.083783 53.545118,10.083741 53.545123,10.083664 53.545133,10.083590 53.545147,10.083523 53.545162,10.083452 53.545181,10.083410 53.545194,10.083364 53.545210,10.083318 53.545228,10.082731 53.545505,10.082407 53.545657,10.082320 53.545697,10.081996 53.545849,10.081607 53.546029,10.080947 53.546335,10.080796 53.546402)",EPSG:4326
242600016I 242600016J,B,5,B 5,Bergedorfer Straße,2,128,1,461.0,,0,,"LINESTRING (10.080796 53.546402,10.080683 53.546453,10.080590 53.546493,10.080122 53.546687)",EPSG:4326
242600011T 242600011D,B,75,B 75,Wilhelmsburger Reichsstraße,2,134,1,430.0,,0,,"LINESTRING (10.027187 53.518625,10.027206 53.518587,10.027232 53.518534,10.027256 53.518479,10.027270 53.518429,10.027280 53.518382,10.027288 53.518337,10.027292 53.518288,10.027294 53.518245,10.027296 53.518206,10.027294 53.518174,10.027291 53.518143,10.027283 53.518106,10.027276 53.518072,10.027265 53.518033,10.027255 53.517998,10.027242 53.517966,10.027226 53.517927,10.027205 53.517882,10.027192 53.517856,10.027174 53.517825,10.027148 53.517785,10.027118 53.517743,10.027090 53.517708,10.027051 53.517665,10.027017 53.517629,10.026983 53.517597)",EPSG:4326
242600011T 242600011D,B,75,B 75,Wilhelmsburger Reichsstraße,2,136,1,430.0,,0,,"LINESTRING (10.026983 53.517597,10.026966 53.517581,10.026924 53.517544,10.026884 53.517512,10.026848 53.517483,10.026807 53.517456,10.026745 53.517414,10.026697 53.517385,10.026631 53.517348,10.026576 53.517319,10.026516 53.517290,10.026453 53.517263,10.026393 53.517238,10.026311 53.517208,10.026241 53.517184,10.026169 53.517162,10.026111 53.517146,10.026037 53.517126,10.025975 53.517111,10.025904 53.517097,10.025835 53.517085,10.025772 53.517074,10.025710 53.517066,10.025656 53.517059,10.025600 53.517054,10.025541 53.517048,10.025468 53.517044,10.025407 53.517041,10.025337 53.517039,10.025267 53.517039,10.025199 53.517040,10.025138 53.517042,10.025064 53.517045,10.024957 53.517051,10.024859 53.517060,10.024769 53.517069,10.024636 53.517085,10.024517 53.517101,10.024115 53.517159,10.023543 53.517245,10.023029 53.517322)",EPSG:4326
242600011T 242600011D,B,75,B 75,Wilhelmsburger Reichsstraße,2,136,1,430.0,,0,,"LINESTRING (10.023029 53.517322,10.023020 53.517323,10.022677 53.517374)",EPSG:4326
242600011G 242600011S,B,75,B 75,Wilhelmsburger Reichsstraße,2,136,1,648.0,,0,,"LINESTRING (10.029347 53.516692,10.029257 53.516724,10.029162 53.516756,10.029054 53.516791,10.028902 53.516837,10.028749 53.516882,10.028591 53.516927,10.028470 53.516959,10.028314 53.516999,10.028144 53.517040,10.028035 53.517065,10.027912 53.517092,10.027799 53.517116,10.027671 53.517141,10.027536 53.517167,10.027412 53.517190,10.027314 53.517206,10.027236 53.517218,10.027145 53.517232,10.027027 53.517246,10.026938 53.517256,10.026855 53.517265,10.026776 53.517273,10.026697 53.517280,10.026569 53.517288,10.026476 53.517294,10.026394 53.517298,10.026299 53.517302,10.026219 53.517303,10.026152 53.517304,10.026087 53.517304,10.026032 53.517303,10.025950 53.517302,10.025858 53.517299,10.025768 53.517296,10.025683 53.517292,10.025586 53.517287,10.025403 53.517276,10.025228 53.517266,10.025119 53.517260,10.025018 53.517254,10.024887 53.517249,10.024789 53.517247,10.024676 53.517245,10.024547 53.517247,10.024425 53.517250,10.024297 53.517253,10.024169 53.517258,10.024062 53.517264,10.023933 53.517272,10.023788 53.517284,10.023626 53.517301,10.023472 53.517318,10.023332 53.517336,10.023209 53.517351,10.023089 53.517367,10.022724 53.517418,10.022487 53.517449,10.022250 53.517479,10.021909 53.517518,10.021837 53.517525)",EPSG:4326
242600011G 242600011S,B,75,B 75,Wilhelmsburger Reichsstraße,2,136,1,648.0,,0,,"LINESTRING (10.021837 53.517525,10.021699 53.517538,10.021519 53.517554,10.021287 53.517573,10.021115 53.517584,10.020901 53.517595,10.020635 53.517605,10.020353 53.517617,10.020135 53.517623,10.019948 53.517628,10.019806 53.517631)",EPSG:4326
242600011P 242600011B,B,75,B 75,Wilhelmsburger Reichsstraße,2,136,1,747.0,,0,,"LINESTRING (10.019904 53.517434,10.020046 53.517431,10.020216 53.517426,10.020424 53.517419,10.020609 53.517412,10.020766 53.517405,10.020945 53.517397,10.021119 53.517387,10.021303 53.517376,10.021464 53.517363,10.021638 53.517348,10.021779 53.517334,10.021933 53.517319,10.022076 53.517303,10.022225 53.517284,10.022374 53.517265,10.022550 53.517241,10.022762 53.517210,10.022988 53.517175,10.023259 53.517133,10.023526 53.517092,10.024433 53.516946,10.025304 53.516797,10.025662 53.516734,10.025995 53.516677,10.026194 53.516642,10.026436 53.516601,10.026671 53.516559,10.026916 53.516516,10.027129 53.516478,10.027343 53.516440,10.027481 53.516414,10.027642 53.516382,10.027793 53.516350,10.027918 53.516322,10.028094 53.516279,10.028209 53.516248,10.028331 53.516215,10.028451 53.516178,10.028558 53.516143,10.028663 53.516108,10.028789 53.516064,10.028883 53.516031,10.028989 53.515992,10.029095 53.515950,10.029197 53.515908,10.029298 53.515865,10.029369 53.515834,10.029463 53.515791,10.029565 53.515743,10.029651 53.515700,10.029715 53.515666,10.029783 53.515629,10.029857 53.515588,10.029925 53.515550,10.029994 53.515508,10.030074 53.515460,10.030147 53.515415,10.030218 53.515369,10.030304 53.515310,10.030353 53.515274)",EPSG:4326
232600132 232600010,B,433,B 433,Zeppelinstraße,2,430,4,335.0,,0,,"LINESTRING (10.013244 53.620731,10.013186 53.620877,10.013163 53.620939,10.013098 53.621108)",EPSG:4326
232600132 232600010,B,433,B 433,Zeppelinstraße,2,430,4,335.0,,0,,"LINESTRING (10.013098 53.621108,10.013039 53.621258,10.013007 53.621341,10.012949 53.621472,10.012890 53.621599,10.012862 53.621654,10.012811 53.621749,10.012752 53.621858,10.012705 53.621936,10.012584 53.622122,10.012520 53.622214,10.012355 53.622429,10.012055 53.622764,10.011759 53.623047,10.011498 53.623308,10.011326 53.623496)",EPSG:4326
242600283G 242600283H,B,5,B 5,Bergedorfer Straße,2,128,1,162.0,,0,,"LINESTRING (10.069357 53.549848,10.069207 53.549879,10.069150 53.549889,10.069099 53.549897,10.069040 53.549906,10.068683 53.549959,10.068497 53.549987,10.068399 53.550002,10.068377 53.550005)",EPSG:4326
242600283G 242600283H,B,5,B 5,Bergedorfer Straße,2,125,1,162.0,,0,,"LINESTRING (10.068377 53.550005,10.068309 53.550014,10.068208 53.550027,10.067946 53.550058,10.067577 53.550104,10.067517 53.550112,10.067475 53.550119,10.067434 53.550128,10.067392 53.550140,10.067355 53.550152,10.067325 53.550166,10.067297 53.550180,10.067260 53.550204,10.067232 53.550225,10.067209 53.550245,10.067186 53.550268,10.067167 53.550289,10.067149 53.550312,10.067135 53.550336)",EPSG:4326
252500109K 252500109L,B,75,B 75,Wilhelmsburger Reichsstraße,2,137,1,623.0,,0,,"LINESTRING (9.997619 53.478844,9.997656 53.478948,9.997727 53.479061,9.997833 53.479183,9.997921 53.479261,9.998014 53.479336,9.998149 53.479428,9.998324 53.479517,9.998488 53.479587,9.998705 53.479659,9.999030 53.479728,9.999396 53.479782,9.999595 53.479811,9.999757 53.479839,9.999941 53.479883,10.000093 53.479928,10.000218 53.479980)",EPSG:4326
242600016 242600283,B,5,B 5,Bergedorfer Straße,2,128,1,1225.0,,0,,"LINESTRING (10.083219 53.545151,10.082892 53.545305,10.082824 53.545334,10.082681 53.545400,10.082515 53.545477,10.082159 53.545645,10.081808 53.545810,10.081566 53.545923,10.081485 53.545961,10.081251 53.546066,10.081041 53.546165,10.080893 53.546232,10.080757 53.546296,10.080650 53.546344,10.080530 53.546399,10.080425 53.546449,10.080130 53.546581,10.079985 53.546645,10.079832 53.546714,10.079665 53.546787,10.079334 53.546931,10.079065 53.547044,10.078738 53.547181,10.078442 53.547301,10.078275 53.547368,10.078131 53.547426,10.077974 53.547487,10.077827 53.547542,10.077576 53.547637,10.077414 53.547698,10.077221 53.547767,10.077039 53.547832,10.076854 53.547899,10.076661 53.547964,10.076484 53.548026,10.076375 53.548062,10.076187 53.548125,10.076071 53.548163,10.075872 53.548227,10.075727 53.548273,10.075498 53.548343,10.075165 53.548445,10.074977 53.548500,10.074777 53.548559,10.074579 53.548613,10.073746 53.548840,10.073495 53.548903,10.073272 53.548955,10.072986 53.549024,10.072637 53.549104,10.072260 53.549185,10.071718 53.549296,10.070985 53.549439)",EPSG:4326
242600016 242600283,B,5,B 5,Bergedorfer Straße,2,128,1,1225.0,,0,,"LINESTRING (10.070985 53.549439,10.070950 53.549446,10.070112 53.549598,10.069196 53.549746,10.068908 53.549789,10.068887 53.549792)",EPSG:4326
242600016 242600283,B,5,B 5,Bergedorfer Straße,2,128,1,1225.0,,0,,"LINESTRING (10.068887 53.549792,10.068622 53.549831)",EPSG:4326
242600016 242600283,B,5,B 5,Bergedorfer Straße,2,125,1,1225.0,,0,,"LINESTRING (10.068622 53.549831,10.068403 53.549863,10.068003 53.549918)",EPSG:4326
242600016 242600283,B,5,B 5,Bergedorfer Straße,2,125,1,1225.0,,0,,"LINESTRING (10.068003 53.549918,10.067876 53.549935,10.066863 53.550063)",EPSG:4326
232500016 232500028,B,433,B 433,Krohnstieg,2,431,4,706.0,,0,,"LINESTRING (9.984243 53.648548,9.978933 53.646929,9.978727 53.646864)",EPSG:4326
232500016 232500028,B,433,B 433,Krohnstieg,2,318,3,706.0,,0,,"LINESTRING (9.978727 53.646864,9.976313 53.646101,9.976063 53.646013)",EPSG:4326
232500016 232500028,B,433,B 433,Krohnstieg,2,318,3,706.0,,0,,"LINESTRING (9.976063 53.646013,9.975111 53.645677,9.974903 53.645612,9.974807 53.645580)",EPSG:4326
232500028 232500025,B,433,B 433,Swebenweg,2,318,3,1820.0,,0,,"LINESTRING (9.974807 53.645580,9.974689 53.645555,9.974530 53.645526,9.974218 53.645486,9.974044 53.645471,9.973820 53.645454,9.973596 53.645449,9.973351 53.645451,9.973013 53.645458)",EPSG:4326
232500028 232500025,B,433,B 433,Swebenweg,2,318,3,1820.0,,0,,"LINESTRING (9.973013 53.645458,9.972745 53.645463,9.972635 53.645477,9.972522 53.645480,9.972257 53.645484)",EPSG:4326
232500028 232500025,B,433,B 433,Swebenweg,2,318,3,1820.0,,0,,"LINESTRING (9.972257 53.645484,9.971819 53.645491,9.971584 53.645486,9.971434 53.645488,9.970950 53.645499,9.970500 53.645514,9.970029 53.645536,9.969553 53.645568,9.969174 53.645601,9.968839 53.645636,9.968538 53.645671,9.968108 53.645728,9.967673 53.645792,9.967159 53.645881,9.966710 53.645964,9.966010 53.646095,9.965994 53.646098,9.964611 53.646359,9.963847 53.646504,9.962143 53.646826,9.961810 53.646889,9.961014 53.647040,9.960685 53.647100,9.960346 53.647164,9.959970 53.647231,9.959947 53.647234)",EPSG:4326
232500028 232500025,B,433,B 433,Swebenweg,2,318,3,1820.0,,0,,"LINESTRING (9.959947 53.647234,9.959611 53.647281,9.959235 53.647349,9.958436 53.647494,9.958412 53.647499,9.958317 53.647528,9.958310 53.647531)",EPSG:4326
232500028 232500025,B,433,B 433,Swebenweg,2,318,3,1820.0,,0,,"LINESTRING (9.958310 53.647531,9.958224 53.647559,9.957712 53.647662,9.957615 53.647677,9.957480 53.647703,9.957012 53.647798,9.954156 53.648380,9.951788 53.648868,9.951070 53.649015,9.950912 53.649048)",EPSG:4326
232500028 232500025,B,433,B 433,Swebenweg,2,318,3,1820.0,,0,,"LINESTRING (9.950912 53.649048,9.950070 53.649224,9.949313 53.649393,9.948999 53.649460,9.948770 53.649495,9.948534 53.649520,9.948412 53.649550,9.948295 53.649556)",EPSG:4326
232500007 232500008,B,4,B 4,Holsteiner Chaussee,2,319,3,762.0,,0,,"LINESTRING (9.907218 53.650911,9.907222 53.650947,9.907241 53.651135)",EPSG:4326
232500007 232500008,B,4,B 4,Holsteiner Chaussee,2,319,3,762.0,,0,,"LINESTRING (9.907241 53.651135,9.907247 53.651192,9.907286 53.651555,9.907304 53.651744,9.907315 53.651896,9.907317 53.652147,9.907299 53.652489,9.907292 53.652599)",EPSG:4326
242400101 242400107,B,431,B 431,Sülldorfer Landstraße,2,227,2,1604.0,,0,,"LINESTRING (9.777495 53.580460,9.777111 53.580435,9.776857 53.580430,9.776574 53.580430,9.776055 53.580442,9.775697 53.580457,9.775400 53.580485,9.774918 53.580541,9.774439 53.580617)",EPSG:4326
242400101 242400107,B,431,B 431,Sülldorfer Landstraße,2,227,2,1604.0,,0,,"LINESTRING (9.774439 53.580617,9.767848 53.581667,9.766745 53.581819,9.765519 53.581982,9.763433 53.582250,9.763254 53.582272,9.760607 53.582600,9.759527 53.582719,9.758590 53.582816,9.758399 53.582830,9.756713 53.582968)",EPSG:4326
242400101 242400107,B,431,B 431,Sülldorfer Landstraße,2,227,2,1604.0,,0,,"LINESTRING (9.756713 53.582968,9.756085 53.583019,9.756013 53.583023,9.753839 53.583189,9.753709 53.583197)",EPSG:4326
252500102 252500143,B,75,B 75,Bremer Straße,2,709,7,708.0,,0,,"LINESTRING (9.932921 53.433319,9.932996 53.433522,9.933039 53.433628,9.933175 53.433930)",EPSG:4326
252500102 252500143,B,75,B 75,Bremer Straße,2,709,7,708.0,,0,,"LINESTRING (9.933175 53.433930,9.933190 53.433966,9.933245 53.434074,9.933374 53.434275,9.933427 53.434368,9.933512 53.434503,9.933537 53.434541)",EPSG:4326
252500102 252500143,B,75,B 75,Bremer Straße,2,709,7,708.0,,0,,"LINESTRING (9.933537 53.434541,9.933611 53.434654,9.933688 53.434769,9.933717 53.434818)",EPSG:4326
252500102 252500143,B,75,B 75,Bremer Straße,2,709,7,708.0,,0,,"LINESTRING (9.933717 53.434818,9.933768 53.434906,9.933868 53.435049,9.933990 53.435188)",EPSG:4326
252500102 252500143,B,75,B 75,Bremer Straße,2,709,7,708.0,,0,,"LINESTRING (9.933990 53.435188,9.934034 53.435238,9.934163 53.435414,9.934277 53.435573,9.934365 53.435708,9.934483 53.435893,9.934591 53.436061,9.934771 53.436339,9.934913 53.436560,9.934958 53.436622,9.935062 53.436776,9.935275 53.437096,9.935409 53.437296,9.935492 53.437427,9.935598 53.437585,9.935713 53.437753,9.935801 53.437877,9.935861 53.437955,9.935934 53.438046,9.935999 53.438119,9.936049 53.438172,9.936115 53.438238,9.936192 53.438310,9.936261 53.438371,9.936343 53.438437,9.936440 53.438513,9.936511 53.438564,9.936637 53.438646,9.936790 53.438739,9.936902 53.438801,9.937029 53.438866,9.937170 53.438932,9.937328 53.439000,9.937370 53.439017)",EPSG:4326
252500109P 252500109Q,B,75,B 75,Wilhelmsburger Reichsstraße,2,137,1,598.0,,0,,"LINESTRING (9.995625 53.481632,9.995645 53.481471,9.995683 53.481359,9.995732 53.481262,9.995766 53.481206,9.995783 53.481186)",EPSG:4326
252500109P 252500109Q,B,75,B 75,Wilhelmsburger Reichsstraße,2,137,1,598.0,,0,,"LINESTRING (9.995783 53.481186,9.995819 53.481143,9.995884 53.481080,9.995972 53.481014,9.996080 53.480951,9.996188 53.480899,9.996301 53.480846,9.996386 53.480803)",EPSG:4326
252500109K 252500109L,B,75,B 75,Wilhelmsburger Reichsstraße,2,137,1,623.0,,0,,"LINESTRING (9.997596 53.477044,9.997616 53.477175,9.997620 53.477665,9.997611 53.478340)",EPSG:4326
252500109K 252500109L,B,75,B 75,Wilhelmsburger Reichsstraße,2,137,1,623.0,,0,,"LINESTRING (9.997611 53.478340,9.997607 53.478634,9.997613 53.478829,9.997619 53.478844)",EPSG:4326
252500109K 252500109L,B,75,B 75,Wilhelmsburger Reichsstraße,2,137,1,623.0,,0,,"LINESTRING (10.000218 53.479980,10.000260 53.479998,10.000368 53.480052,10.000499 53.480133,10.000594 53.480211,10.000676 53.480301,10.000749 53.480416,10.000784 53.480523,10.000794 53.480611,10.000781 53.480719,10.000748 53.480822,10.000697 53.480920,10.000606 53.481022,10.000521 53.481087)",EPSG:4326
252500109K 252500109L,B,75,B 75,Wilhelmsburger Reichsstraße,2,137,1,623.0,,0,,"LINESTRING (10.000521 53.481087,10.000443 53.481148,10.000357 53.481204,10.000256 53.481298,10.000202 53.481395,10.000181 53.481532)",EPSG:4326
252500148 252500109,B,75,B 75,Wilhelmsburger Reichsstraße,2,137,1,468.0,,0,,"LINESTRING (9.997458 53.477627,9.997435 53.478309,9.997415 53.479098,9.997413 53.479383,9.997421 53.479580,9.997432 53.479719,9.997444 53.479815,9.997491 53.480071,9.997541 53.480268,9.997597 53.480441,9.997667 53.480624,9.997729 53.480762,9.997802 53.480914,9.997905 53.481100,9.997948 53.481169,9.998075 53.481361,9.998193 53.481524,9.998264 53.481610,9.998372 53.481710)",EPSG:4326
252500109M 252500109N,B,75,B 75,Wilhelmsburger Reichsstraße,2,137,1,616.0,,0,,"LINESTRING (10.000030 53.481531,10.000037 53.481453,10.000052 53.481394,10.000078 53.481336,10.000123 53.481270,10.000172 53.481216,10.000225 53.481169)",EPSG:4326
252500109M 252500109N,B,75,B 75,Wilhelmsburger Reichsstraße,2,137,1,616.0,,0,,"LINESTRING (10.000225 53.481169,10.000227 53.481167,10.000301 53.481117,10.000391 53.481056,10.000463 53.481002,10.000520 53.480950,10.000573 53.480888,10.000616 53.480823,10.000647 53.480760,10.000666 53.480692,10.000672 53.480633,10.000671 53.480570,10.000660 53.480503,10.000643 53.480451,10.000612 53.480386,10.000557 53.480313,10.000501 53.480255,10.000425 53.480193,10.000339 53.480137,10.000264 53.480095,10.000162 53.480050,10.000053 53.480011,9.999966 53.479982,9.999861 53.479952,9.999749 53.479924,9.999636 53.479903,9.999513 53.479885,9.999355 53.479866,9.999199 53.479857,9.999043 53.479856,9.998886 53.479862,9.998769 53.479873,9.998616 53.479890,9.998478 53.479916,9.998336 53.479949,9.998234 53.479978,9.998126 53.480018,9.998041 53.480056,9.997974 53.480097,9.997913 53.480142,9.997861 53.480194,9.997820 53.480248,9.997788 53.480317,9.997775 53.480378,9.997777 53.480439,9.997792 53.480501,9.997819 53.480575,9.997898 53.480754,9.998019 53.480988,9.998126 53.481172,9.998293 53.481412,9.998434 53.481591,9.998544 53.481721,9.998629 53.481815,9.998760 53.481952,9.998972 53.482156,9.999062 53.482239,9.999162 53.482334)",EPSG:4326
252500109 242600314,B,75,B 75,Wilhelmsburger Reichsstraße,2,137,1,2811.0,,0,,"LINESTRING (9.998372 53.481710,9.998507 53.481894,9.998625 53.482016,9.998754 53.482142,9.998874 53.482248,9.999076 53.482421,9.999302 53.482597,9.999470 53.482718,9.999619 53.482819,9.999793 53.482931,10.000012 53.483063,10.000316 53.483236,10.000333 53.483250,10.000544 53.483363,10.000794 53.483505,10.000987 53.483617,10.001152 53.483718,10.001220 53.483763,10.001334 53.483840,10.001401 53.483887,10.001507 53.483965,10.001611 53.484046,10.001733 53.484143,10.001856 53.484249,10.001941 53.484327,10.002038 53.484420,10.002113 53.484494,10.002197 53.484584,10.002261 53.484656,10.002331 53.484741,10.002408 53.484833,10.002471 53.484921,10.002544 53.485021,10.002619 53.485138,10.002687 53.485249,10.002778 53.485426,10.002851 53.485590,10.002900 53.485710,10.002948 53.485859,10.002999 53.486041,10.003034 53.486192,10.003086 53.486402,10.003137 53.486624,10.003182 53.486821,10.003224 53.487003,10.003256 53.487155,10.003295 53.487332,10.003341 53.487534,10.003381 53.487712,10.003420 53.487904,10.003458 53.488083,10.003494 53.488268,10.003534 53.488458,10.003567 53.488630,10.003606 53.488812,10.003643 53.489005,10.003677 53.489179,10.003713 53.489357,10.003749 53.489551,10.003791 53.489778,10.003833 53.490009,10.003878 53.490267,10.003925 53.490539,10.003964 53.490756,10.004007 53.491000,10.004050 53.491254,10.004091 53.491492,10.004135 53.491726,10.004172 53.491935,10.004211 53.492158,10.004246 53.492353,10.004274 53.492509,10.004312 53.492687,10.004354 53.492898,10.004387 53.493072,10.004421 53.493246,10.004451 53.493400,10.004484 53.493562,10.004525 53.493758,10.004558 53.493913,10.004589 53.494058,10.004622 53.494208,10.004666 53.494410,10.004692 53.494527,10.004720 53.494650,10.004742 53.494751,10.004781 53.494928,10.004825 53.495127,10.004873 53.495333,10.004945 53.495636,10.005021 53.495934,10.005072 53.496148,10.005126 53.496363,10.005181 53.496600,10.005221 53.496786,10.005267 53.496983,10.005304 53.497149,10.005345 53.497344,10.005393 53.497561,10.005402 53.497611,10.005445 53.497805,10.005463 53.497902,10.005496 53.498062,10.005530 53.498236,10.005575 53.498480,10.005617 53.498703,10.005659 53.498950,10.005693 53.499136,10.005721 53.499302,10.005750 53.499467,10.005780 53.499647,10.005820 53.499941,10.005855 53.500180,10.005871 53.500302,10.005908 53.500563,10.005941 53.500800,10.005968 53.501010,10.005998 53.501266,10.006018 53.501477,10.006038 53.501633,10.006057 53.501814,10.006073 53.501952,10.006098 53.502200,10.006110 53.502378,10.006120 53.502511,10.006138 53.502710,10.006145 53.502774,10.006171 53.503065,10.006189 53.503339,10.006201 53.503585,10.006216 53.503889,10.006228 53.504075,10.006240 53.504314,10.006247 53.504528,10.006254 53.504819,10.006256 53.504938,10.006259 53.505141,10.006261 53.505355,10.006258 53.505636,10.006256 53.505813,10.006246 53.506010)",EPSG:4326
252500109T 252500109U,B,75,B 75,Wilhelmsburger Reichsstraße,2,137,1,54.0,,0,,"LINESTRING (9.999306 53.481604,9.999515 53.481568,9.999652 53.481535,9.999758 53.481497,9.999872 53.481443,10.000009 53.481369)",EPSG:4326
252500109A 252500109B,B,75,B 75,Wilhelmsburger Reichsstraße,2,137,1,470.0,,0,,"LINESTRING (9.999840 53.483093,9.999612 53.482960,9.999428 53.482841,9.999218 53.482693,9.999015 53.482539,9.998867 53.482417,9.998704 53.482277,9.998657 53.482233)",EPSG:4326
252500109A 252500109B,B,75,B 75,Wilhelmsburger Reichsstraße,2,137,1,470.0,,0,,"LINESTRING (9.998657 53.482233,9.998504 53.482090,9.998322 53.481897,9.998143 53.481695,9.998045 53.481569,9.997910 53.481387,9.997782 53.481190,9.997697 53.481058,9.997635 53.480990,9.997575 53.480938,9.997502 53.480890,9.997423 53.480853,9.997412 53.480849)",EPSG:4326
252500109A 252500109B,B,75,B 75,Wilhelmsburger Reichsstraße,2,137,1,470.0,,0,,"LINESTRING (9.997412 53.480849,9.997321 53.480815,9.997234 53.480789,9.997131 53.480773,9.997027 53.480765,9.996919 53.480763,9.996813 53.480770,9.996705 53.480788,9.996615 53.480810,9.996522 53.480844,9.996407 53.480889,9.996212 53.480980,9.996123 53.481034,9.996029 53.481104,9.995970 53.481157)",EPSG:4326
252500109A 252500109B,B,75,B 75,Wilhelmsburger Reichsstraße,2,137,1,470.0,,0,,"LINESTRING (9.995970 53.481157,9.995941 53.481184,9.995938 53.481188)",EPSG:4326
252500109A 252500109B,B,75,B 75,Wilhelmsburger Reichsstraße,2,137,1,470.0,,0,,"LINESTRING (9.995938 53.481188,9.995870 53.481272,9.995837 53.481345,9.995806 53.481423,9.995775 53.481641)",EPSG:4326
252500109P 252500109Q,B,75,B 75,Wilhelmsburger Reichsstraße,2,137,1,598.0,,0,,"LINESTRING (9.996386 53.480803,9.996394 53.480799,9.996489 53.480749,9.996553 53.480710,9.996619 53.480667,9.996696 53.480615,9.996775 53.480549,9.996831 53.480497,9.996891 53.480431,9.996940 53.480366,9.996992 53.480291,9.997025 53.480234,9.997053 53.480164,9.997073 53.480105,9.997094 53.480035,9.997106 53.479945,9.997105 53.479846,9.997087 53.479678,9.997078 53.479593,9.997075 53.479522,9.997081 53.479451,9.997091 53.479374,9.997112 53.479297,9.997143 53.479206,9.997173 53.479119,9.997201 53.479042,9.997221 53.478956,9.997235 53.478886,9.997241 53.478831,9.997256 53.478634,9.997265 53.478424,9.997271 53.478246,9.997278 53.478047,9.997281 53.477916,9.997288 53.477804,9.997293 53.477597,9.997291 53.477354,9.997288 53.477174,9.997280 53.477054,9.997254 53.476847,9.997206 53.476552)",EPSG:4326
252500109R 252500109S,B,75,B 75,Wilhelmsburger Reichsstraße,2,137,1,159.0,,0,,"LINESTRING (9.993300 53.481391,9.993390 53.481406,9.993635 53.481443,9.993894 53.481478,9.994110 53.481505,9.994388 53.481538,9.994432 53.481541)",EPSG:4326
252500109R 252500109S,B,75,B 75,Wilhelmsburger Reichsstraße,2,137,1,159.0,,0,,"LINESTRING (9.994432 53.481541,9.994613 53.481555,9.994850 53.481566,9.995057 53.481576,9.995153 53.481579,9.995196 53.481579,9.995244 53.481577,9.995310 53.481566,9.995361 53.481553,9.995420 53.481533,9.995493 53.481501,9.995597 53.481447)",EPSG:4326
242600314I 242600314J,B,75,B 75,Wilhelmsburger Reichsstraße,2,137,1,502.0,,0,,"LINESTRING (10.006176 53.501490,10.006198 53.501597,10.006220 53.501749,10.006248 53.501929,10.006276 53.502147,10.006295 53.502360,10.006309 53.502599,10.006314 53.502694,10.006321 53.502888,10.006331 53.503021,10.006351 53.503248,10.006366 53.503415,10.006375 53.503511,10.006389 53.503587,10.006418 53.503697,10.006465 53.503825,10.006513 53.503938,10.006568 53.504057,10.006600 53.504136,10.006627 53.504215,10.006644 53.504276,10.006662 53.504376,10.006677 53.504586,10.006685 53.504737,10.006678 53.504826,10.006677 53.504860)",EPSG:4326
242600314I 242600314J,B,75,B 75,Wilhelmsburger Reichsstraße,2,137,1,502.0,,0,,"LINESTRING (10.006677 53.504860,10.006677 53.504894,10.006682 53.505022)",EPSG:4326
242600314I 242600314J,B,75,B 75,Wilhelmsburger Reichsstraße,2,137,1,502.0,,0,,"LINESTRING (10.006682 53.505022,10.006686 53.505127,10.006698 53.505345,10.006710 53.505571,10.006722 53.505782,10.006727 53.505896,10.006718 53.505944,10.006691 53.505980)",EPSG:4326
242600314P 242600314Q,B,75,B 75,Wilhelmsburger Reichsstraße,2,137,1,559.0,,0,,"LINESTRING (10.005310 53.505911,10.005408 53.505904,10.005483 53.505905,10.005515 53.505907,10.005636 53.505911,10.005681 53.505911,10.005715 53.505906,10.005748 53.505897,10.005785 53.505877,10.005821 53.505850,10.005841 53.505828,10.005856 53.505806,10.005874 53.505768,10.005883 53.505733,10.005885 53.505709)",EPSG:4326
242600314P 242600314Q,B,75,B 75,Wilhelmsburger Reichsstraße,2,137,1,559.0,,0,,"LINESTRING (10.005885 53.505709,10.005886 53.505702,10.005887 53.505576,10.005888 53.505358,10.005878 53.504672,10.005870 53.504435,10.005865 53.504300,10.005864 53.504221,10.005871 53.504151,10.005890 53.504031,10.005915 53.503943,10.005944 53.503838,10.005979 53.503713,10.006000 53.503628,10.006013 53.503518,10.006017 53.503428,10.006013 53.503292,10.006001 53.503082,10.005974 53.502743,10.005949 53.502541,10.005934 53.502419,10.005921 53.502292,10.005910 53.502172,10.005894 53.501951,10.005881 53.501740,10.005859 53.501516,10.005849 53.501413,10.005841 53.501329,10.005836 53.501165)",EPSG:4326
242600314M 242600314N,B,75,B 75,Wilhelmsburger Reichsstraße,2,137,1,528.0,,0,,"LINESTRING (10.006684 53.506072,10.006690 53.506091,10.006689 53.506113,10.006663 53.506233)",EPSG:4326
242600314M 242600314N,B,75,B 75,Wilhelmsburger Reichsstraße,2,137,1,528.0,,0,,"LINESTRING (10.006663 53.506233,10.006641 53.506330,10.006615 53.506451,10.006604 53.506500)",EPSG:4326
242600314M 242600314N,B,75,B 75,Wilhelmsburger Reichsstraße,2,137,1,528.0,,0,,"LINESTRING (10.006604 53.506500,10.006578 53.506618,10.006537 53.506846,10.006509 53.506968,10.006472 53.507132,10.006428 53.507311,10.006288 53.507810,10.006228 53.508007,10.006173 53.508194,10.006120 53.508369,10.006034 53.508710,10.005957 53.509018,10.005904 53.509235,10.005845 53.509464,10.005760 53.509782,10.005702 53.510000,10.005642 53.510224,10.005586 53.510436,10.005560 53.510535,10.005485 53.510765)",EPSG:4326
242600314 242600130,B,75,B 75,Wilhelmsburger Reichsstraße,2,137,1,1440.0,,0,,"LINESTRING (10.006246 53.506010,10.006235 53.506254,10.006223 53.506468,10.006204 53.506706,10.006182 53.506919,10.006160 53.507128,10.006133 53.507325,10.006102 53.507550,10.006073 53.507730,10.006034 53.507949,10.006000 53.508099,10.005969 53.508255,10.005914 53.508501,10.005864 53.508718,10.005807 53.508952,10.005749 53.509181,10.005701 53.509367,10.005638 53.509609,10.005568 53.509863,10.005518 53.510053,10.005458 53.510282,10.005402 53.510502,10.005349 53.510708,10.005297 53.510923,10.005249 53.511145,10.005206 53.511366,10.005171 53.511579,10.005140 53.511799,10.005118 53.512009,10.005104 53.512228,10.005100 53.512386,10.005099 53.512565,10.005105 53.512735,10.005111 53.512859,10.005129 53.513010,10.005151 53.513209,10.005174 53.513347,10.005209 53.513517,10.005245 53.513695,10.005296 53.513877,10.005351 53.514042,10.005405 53.514178,10.005475 53.514324,10.005591 53.514517,10.005694 53.514671,10.005798 53.514804,10.005913 53.514936,10.006057 53.515082,10.006178 53.515193,10.006360 53.515342,10.006531 53.515469,10.006666 53.515559,10.006870 53.515685,10.007044 53.515781,10.007245 53.515884,10.007434 53.515969,10.007583 53.516032,10.007769 53.516105,10.008003 53.516189,10.008252 53.516265,10.008607 53.516360,10.008848 53.516415,10.009108 53.516467,10.009431 53.516532,10.009437 53.516533)",EPSG:4326
242600314 242600130,B,75,B 75,Wilhelmsburger Reichsstraße,2,137,1,1440.0,,0,,"LINESTRING (10.009437 53.516533,10.009761 53.516601,10.011082 53.516842,10.011367 53.516897)",EPSG:4326
242600130 242600129,B,75,B 75,Wilhelmsburger Reichsstraße,2,137,1,316.0,,0,,"LINESTRING (10.011367 53.516897,10.011703 53.516961,10.012258 53.517057,10.012856 53.517151,10.013432 53.517228,10.013766 53.517270,10.014080 53.517308,10.014485 53.517352,10.014927 53.517392,10.015714 53.517441,10.016041 53.517464)",EPSG:4326
242600314C 242600314D,B,75,B 75,Wilhelmsburger Reichsstraße,2,137,1,485.0,,0,,"LINESTRING (10.005270 53.510401,10.005289 53.510290,10.005312 53.510188,10.005375 53.509961,10.005432 53.509742,10.005487 53.509527,10.005543 53.509316,10.005576 53.509193,10.005635 53.508961,10.005685 53.508749,10.005714 53.508628,10.005748 53.508459,10.005758 53.508402,10.005763 53.508314,10.005768 53.508146,10.005784 53.507905,10.005793 53.507702,10.005807 53.507456,10.005820 53.507282,10.005836 53.507098,10.005855 53.506928,10.005865 53.506825)",EPSG:4326
242600314C 242600314D,B,75,B 75,Wilhelmsburger Reichsstraße,2,137,1,485.0,,0,,"LINESTRING (10.005865 53.506825,10.005870 53.506775,10.005873 53.506609)",EPSG:4326
242600314C 242600314D,B,75,B 75,Wilhelmsburger Reichsstraße,2,137,1,485.0,,0,,"LINESTRING (10.005873 53.506609,10.005874 53.506590,10.005863 53.506370,10.005868 53.506248,10.005863 53.506187,10.005847 53.506143,10.005816 53.506106,10.005775 53.506074)",EPSG:4326
252500100 252500160,B,75,B 75,Europabrücke,2,702,7,486.0,,0,,"LINESTRING (9.994775 53.471312,9.995913 53.473510)",EPSG:4326
252500100 252500160,B,75,B 75,Europabrücke,2,137,1,486.0,,0,,"LINESTRING (9.995913 53.473510,9.996933 53.475483,9.996935 53.475485)",EPSG:4326
252500160 252500148,B,75,B 75,Wilhelmsburger Reichsstraße,2,137,1,242.0,,0,,"LINESTRING (9.996935 53.475485,9.996985 53.475582,9.997147 53.475934,9.997275 53.476256,9.997352 53.476521,9.997422 53.476852,9.997456 53.477244,9.997461 53.477493,9.997458 53.477627)",EPSG:4326
242600013 242600007,B,5,B 5,Bergedorfer Straße,2,130,1,1156.0,,0,,"LINESTRING (10.135892 53.526374,10.135561 53.526497,10.135137 53.526662,10.135034 53.526701,10.134888 53.526747,10.134750 53.526793,10.134659 53.526834,10.134600 53.526872,10.134526 53.526902)",EPSG:4326
242600013 242600007,B,5,B 5,Bergedorfer Straße,2,130,1,1156.0,,0,,"LINESTRING (10.134526 53.526902,10.134454 53.526932,10.133996 53.527109,10.133733 53.527210,10.133305 53.527369)",EPSG:4326
242600007 242600017,B,5,B 5,Bergedorfer Straße,2,130,1,2598.0,,0,,"LINESTRING (10.133305 53.527369,10.132786 53.527562,10.132483 53.527658,10.132025 53.527807,10.131776 53.527877,10.131672 53.527931)",EPSG:4326
242600007 242600017,B,5,B 5,Bergedorfer Straße,2,130,1,2598.0,,0,,"LINESTRING (10.131672 53.527931,10.131631 53.527953,10.131457 53.528000,10.131291 53.528042,10.131141 53.528075,10.131018 53.528100,10.130874 53.528128,10.130726 53.528154,10.130575 53.528180,10.130412 53.528204,10.130235 53.528230,10.130119 53.528246,10.129874 53.528269,10.129569 53.528299,10.129317 53.528323,10.128889 53.528354,10.128038 53.528422,10.127614 53.528459,10.127225 53.528501,10.127019 53.528527,10.126740 53.528567,10.126411 53.528622,10.126048 53.528695,10.125718 53.528777,10.125451 53.528850,10.125232 53.528915,10.125094 53.528964,10.124791 53.529069,10.124517 53.529171,10.123964 53.529395,10.123728 53.529488,10.123610 53.529537,10.123232 53.529690,10.122697 53.529906,10.122194 53.530110,10.121459 53.530406,10.120751 53.530692,10.120485 53.530801,10.120258 53.530891,10.120043 53.530977,10.119596 53.531157,10.119187 53.531323,10.118894 53.531442,10.118743 53.531504,10.118275 53.531700,10.117889 53.531863,10.117159 53.532175,10.116897 53.532286,10.116285 53.532543,10.115959 53.532678,10.115566 53.532837,10.115264 53.532962,10.115062 53.533044,10.115017 53.533063)",EPSG:4326
232500009 232500025,B,432,B 432,Oldesloer Straße,2,319,3,1296.0,,0,,"LINESTRING (9.946370 53.649270,9.946687 53.649342,9.947053 53.649425,9.947176 53.649454,9.947287 53.649475,9.947408 53.649496,9.947558 53.649519,9.947686 53.649533,9.947736 53.649536)",EPSG:4326
232500009 232500025,B,432,B 432,Oldesloer Straße,2,319,3,1296.0,,0,,"LINESTRING (9.947736 53.649536,9.948042 53.649555,9.948111 53.649561,9.948295 53.649556)",EPSG:4326
242600007 242600017,B,5,B 5,Bergedorfer Straße,2,130,1,2598.0,,0,,"LINESTRING (10.115017 53.533063,10.114758 53.533170,10.113777 53.533583,10.113472 53.533713,10.113094 53.533876,10.112974 53.533926,10.112521 53.534122,10.112336 53.534202,10.112175 53.534272,10.112033 53.534334,10.111743 53.534461,10.111575 53.534536,10.111242 53.534685,10.111037 53.534778,10.110093 53.535197,10.109711 53.535368,10.109260 53.535562,10.108816 53.535749,10.108550 53.535860,10.108257 53.535979,10.108081 53.536050,10.107766 53.536174,10.107650 53.536221,10.107382 53.536326,10.107159 53.536411,10.106768 53.536558,10.106357 53.536713,10.105899 53.536882,10.105562 53.537003,10.105217 53.537122,10.104905 53.537231,10.104511 53.537366,10.104172 53.537478,10.103814 53.537594,10.103517 53.537689,10.103132 53.537815,10.102066 53.538160,10.101898 53.538214,10.100991 53.538507,10.100445 53.538685,10.099803 53.538893,10.099603 53.538958)",EPSG:4326
242600017E 242600017F,B,5,B 5,Bergedorfer Straße,2,130,1,50.0,,0,,"LINESTRING (10.100037 53.539772,10.099947 53.539682,10.099928 53.539668,10.099907 53.539655,10.099872 53.539640,10.099833 53.539625,10.099785 53.539612,10.099707 53.539598)",EPSG:4326
242600017M 242600017N,B,5,B 5,Bergedorfer Straße,2,130,1,43.0,,0,,"LINESTRING (10.099266 53.538259,10.099331 53.538294,10.099363 53.538310,10.099398 53.538324,10.099432 53.538336,10.099472 53.538347,10.099512 53.538356,10.099554 53.538364,10.099597 53.538370,10.099646 53.538375)",EPSG:4326
242600016C 242600016D,B,5,B 5,Bergedorfer Straße,2,128,1,83.0,,0,,"LINESTRING (10.083373 53.545336,10.083387 53.545406,10.083431 53.545594,10.083470 53.545728,10.083483 53.545771,10.083492 53.545803,10.083496 53.545813,10.083503 53.545828,10.083512 53.545842,10.083522 53.545857,10.083534 53.545871,10.083551 53.545885,10.083563 53.545893,10.083577 53.545901,10.083596 53.545911,10.083614 53.545919,10.083635 53.545927,10.083661 53.545935,10.083694 53.545942,10.083723 53.545946,10.083761 53.545949,10.083796 53.545950,10.083831 53.545950)",EPSG:4326
242600016M 242600016N,B,5,B 5,Bergedorfer Straße,2,128,1,19.0,,0,,"LINESTRING (10.083420 53.544526,10.083436 53.544546,10.083444 53.544555,10.083454 53.544565,10.083467 53.544573,10.083478 53.544580,10.083500 53.544590,10.083522 53.544599,10.083554 53.544609,10.083576 53.544614,10.083611 53.544620,10.083640 53.544624)",EPSG:4326
242600016R 242600016S,B,5,B 5,Bergedorfer Straße,2,128,1,196.0,,0,,"LINESTRING (10.082144 53.545311,10.082534 53.545071,10.082573 53.545046,10.082632 53.545005,10.082693 53.544958,10.082769 53.544901,10.082829 53.544855,10.082935 53.544768,10.083015 53.544697,10.083041 53.544670,10.083055 53.544651,10.083069 53.544629,10.083077 53.544610,10.083082 53.544593,10.083093 53.544525,10.083108 53.544414,10.083124 53.544306,10.083138 53.544202,10.083144 53.544158,10.083154 53.544080,10.083160 53.544030,10.083170 53.543965,10.083177 53.543918,10.083185 53.543876,10.083232 53.543673)",EPSG:4326
232500061 232500009,B,432,B 432,Oldesloer Straße,2,319,3,156.0,,0,,"LINESTRING (9.928688 53.644315,9.928803 53.644471,9.928907 53.644585,9.929030 53.644705,9.929138 53.644803,9.929222 53.644873,9.929285 53.644917,9.929465 53.645034,9.929592 53.645120,9.929774 53.645237,9.930032 53.645384,9.930105 53.645428)",EPSG:4326
242600129 242600030,B,75,B 75,Wilhelmsburger Reichsstraße,2,136,1,439.0,,0,,"LINESTRING (10.016041 53.517464,10.016418 53.517483,10.016712 53.517496,10.017208 53.517516,10.017827 53.517533,10.018423 53.517546,10.018922 53.517546,10.019823 53.517534,10.020661 53.517511,10.021182 53.517487,10.021668 53.517445,10.022128 53.517394,10.022648 53.517324)",EPSG:4326
242600030 242600011,B,75,B 75,Wilhelmsburger Reichsstraße,2,136,1,437.0,,0,,"LINESTRING (10.022648 53.517324,10.022710 53.517309,10.022757 53.517296,10.022819 53.517279,10.022895 53.517259,10.022980 53.517238,10.023060 53.517221,10.023147 53.517204,10.023203 53.517195,10.023261 53.517185,10.023523 53.517146,10.023785 53.517106,10.024049 53.517066,10.024134 53.517054,10.024308 53.517027,10.024483 53.517001,10.024570 53.516988,10.024657 53.516976,10.024746 53.516962,10.024833 53.516950,10.024920 53.516937,10.025006 53.516925,10.025094 53.516912,10.025182 53.516900,10.025269 53.516889,10.025357 53.516880,10.025445 53.516871,10.025535 53.516864,10.025625 53.516857,10.025713 53.516853,10.025715 53.516853)",EPSG:4326
242600030 242600011,B,75,B 75,Wilhelmsburger Reichsstraße,2,136,1,437.0,,0,,"LINESTRING (10.025715 53.516853,10.025803 53.516850,10.025892 53.516849,10.025983 53.516850,10.026071 53.516852,10.026163 53.516857,10.026250 53.516863,10.026337 53.516871,10.026423 53.516882,10.026506 53.516896,10.026590 53.516911,10.026675 53.516928,10.026756 53.516948,10.026837 53.516969,10.026918 53.516993,10.026997 53.517019,10.027074 53.517046,10.027151 53.517076,10.027224 53.517107,10.027297 53.517140,10.027367 53.517175,10.027436 53.517212,10.027499 53.517250,10.027563 53.517291,10.027621 53.517332,10.027678 53.517375,10.027732 53.517420,10.027781 53.517464,10.027828 53.517511,10.027872 53.517557,10.027913 53.517606,10.027950 53.517656,10.027984 53.517706,10.028014 53.517755,10.028039 53.517802,10.028064 53.517856,10.028083 53.517905,10.028101 53.517962,10.028116 53.518024)",EPSG:4326
232600074P 232600074Q,B,433,B 433,Flughafenstraße,2,431,4,309.0,,0,,"LINESTRING (10.007551 53.627545,10.007708 53.627516,10.007874 53.627473,10.008185 53.627346,10.008327 53.627275)",EPSG:4326
232600074P 232600074Q,B,433,B 433,Flughafenstraße,2,431,4,309.0,,0,,"LINESTRING (10.008327 53.627275,10.008334 53.627271,10.008415 53.627199,10.008481 53.627124,10.008541 53.627046,10.008579 53.626965,10.008615 53.626858,10.008666 53.626691,10.008884 53.626045,10.008924 53.625942,10.008974 53.625842,10.009036 53.625741,10.009111 53.625632,10.009181 53.625534,10.009456 53.625151)",EPSG:4326
232600074K 232600074L,B,433,B 433,Zeppelinstraße,2,431,4,288.0,,0,,"LINESTRING (10.009723 53.625125,10.009626 53.625449,10.009425 53.626051,10.009263 53.626528)",EPSG:4326
232600010 232600074,B,433,B 433,Zeppelinstraße,2,431,4,498.0,,0,,"LINESTRING (10.011326 53.623496,10.011223 53.623596,10.010954 53.623766,10.010651 53.623958,10.010402 53.624147,10.009989 53.624537,10.009851 53.624722,10.009573 53.625148)",EPSG:4326
232600010 232600074,B,433,B 433,Zeppelinstraße,2,431,4,498.0,,0,,"LINESTRING (10.009573 53.625148,10.009554 53.625178,10.009505 53.625264,10.009494 53.625284)",EPSG:4326
232600010 232600074,B,433,B 433,Zeppelinstraße,2,431,4,498.0,,0,,"LINESTRING (10.009494 53.625284,10.009477 53.625315,10.009360 53.625546,10.009259 53.625766,10.009154 53.626009,10.009153 53.626010)",EPSG:4326
232600010 232600074,B,433,B 433,Zeppelinstraße,2,431,4,498.0,,0,,"LINESTRING (10.009153 53.626010,10.009067 53.626230,10.009015 53.626378,10.008982 53.626478,10.008947 53.626583,10.008891 53.626759,10.008824 53.627006,10.008796 53.627114,10.008778 53.627197,10.008756 53.627301,10.008699 53.627583)",EPSG:4326
232500009 232500025,B,432,B 432,Oldesloer Straße,2,319,3,1296.0,,0,,"LINESTRING (9.930105 53.645428,9.930641 53.645661,9.931000 53.645788,9.931061 53.645809,9.931166 53.645839,9.931401 53.645913,9.932566 53.646288,9.932599 53.646300)",EPSG:4326
232500009 232500025,B,432,B 432,Oldesloer Straße,2,319,3,1296.0,,0,,"LINESTRING (9.932599 53.646300,9.932967 53.646430,9.933589 53.646625,9.934341 53.646847,9.935181 53.647083,9.935416 53.647164,9.935851 53.647284,9.936251 53.647366,9.936592 53.647459,9.936870 53.647551,9.938905 53.648115,9.939295 53.648218,9.939741 53.648327,9.940045 53.648394,9.940492 53.648484,9.940747 53.648536,9.940990 53.648578,9.941217 53.648612,9.941362 53.648623,9.943162 53.648814,9.943481 53.648865,9.943934 53.648914,9.944144 53.648920,9.944296 53.648928,9.945172 53.649027,9.945208 53.649033)",EPSG:4326
232500009 232500025,B,432,B 432,Oldesloer Straße,2,319,3,1296.0,,0,,"LINESTRING (9.945208 53.649033,9.945298 53.649048,9.945471 53.649081,9.945739 53.649132,9.945899 53.649167,9.946149 53.649219,9.946306 53.649256,9.946370 53.649270)",EPSG:4326
232600072J 232600072I,B,433,B 433,Zeppelinstraße,2,431,4,459.0,,0,,"LINESTRING (10.007804 53.635046,10.007929 53.635053,10.008117 53.635057,10.008277 53.635051,10.008442 53.635033,10.008636 53.635000,10.008819 53.634958,10.008964 53.634913,10.009042 53.634885,10.009109 53.634859,10.009286 53.634772,10.009361 53.634731,10.009426 53.634687,10.009562 53.634583,10.009612 53.634540,10.009653 53.634500,10.009705 53.634443,10.009777 53.634345,10.009848 53.634217,10.009880 53.634131,10.009891 53.634055,10.009894 53.633896,10.009882 53.633796,10.009844 53.633664,10.009560 53.632454,10.009515 53.632309,10.009472 53.632199,10.009266 53.631735)",EPSG:4326
232600074A 232600074B,B,433,B 433,Flughafenstraße,2,431,4,341.0,,0,,"LINESTRING (10.008467 53.628459,10.008460 53.628327,10.008452 53.628215,10.008444 53.628105,10.008434 53.627955,10.008425 53.627844,10.008417 53.627739,10.008394 53.627416,10.008388 53.627308,10.008388 53.627218,10.008392 53.627097,10.008405 53.626974,10.008419 53.626888,10.008443 53.626771,10.008461 53.626696,10.008502 53.626561,10.008539 53.626455,10.008584 53.626346,10.008608 53.626281,10.008667 53.626141,10.008715 53.626035,10.008738 53.625984,10.008777 53.625900,10.008838 53.625776,10.008888 53.625681,10.008973 53.625527,10.009020 53.625445)",EPSG:4326
242600129A 242600129B,B,75,B 75,Wilhelmsburger Reichsstraße,2,136,1,735.0,,0,,"LINESTRING (10.015320 53.518475,10.015334 53.518426,10.015366 53.518372,10.015404 53.518312)",EPSG:4326
242600129A 242600129B,B,75,B 75,Wilhelmsburger Reichsstraße,2,136,1,735.0,,0,,"LINESTRING (10.015404 53.518312,10.015507 53.518152)",EPSG:4326
242600129A 242600129B,B,75,B 75,Wilhelmsburger Reichsstraße,2,136,1,735.0,,0,,"LINESTRING (10.015507 53.518152,10.016207 53.517063,10.016235 53.516984,10.016262 53.516900,10.016255 53.516809,10.016239 53.516737,10.016178 53.516641,10.016074 53.516546,10.015907 53.516455,10.015717 53.516397,10.015509 53.516375,10.015320 53.516386,10.015159 53.516411,10.015055 53.516445,10.014941 53.516488,10.014809 53.516574,10.014717 53.516661,10.014656 53.516778,10.014655 53.516919)",EPSG:4326
242600129A 242600129B,B,75,B 75,Wilhelmsburger Reichsstraße,2,136,1,735.0,,0,,"LINESTRING (10.014655 53.516919,10.014655 53.516920,10.014729 53.517049,10.014810 53.517122)",EPSG:4326
242600129A 242600129B,B,75,B 75,Wilhelmsburger Reichsstraße,2,136,1,735.0,,0,,"LINESTRING (10.014810 53.517122,10.014832 53.517142,10.014954 53.517218,10.015154 53.517288,10.015279 53.517316,10.015643 53.517345,10.015901 53.517366,10.016790 53.517407,10.017690 53.517433,10.018357 53.517443,10.018823 53.517443,10.019352 53.517443,10.019902 53.517433)",EPSG:4326
242600016K 242600016L,B,5,B 5,Bergedorfer Straße,2,128,1,605.0,,0,,"LINESTRING (10.083325 53.544781,10.083458 53.544732,10.083707 53.544635)",EPSG:4326
242600016K 242600016L,B,5,B 5,Bergedorfer Straße,2,128,1,605.0,,0,,"LINESTRING (10.083707 53.544635,10.083791 53.544602,10.084788 53.544220,10.085418 53.543979,10.085679 53.543879,10.086409 53.543631,10.086761 53.543495,10.088267 53.542896)",EPSG:4326
242600016K 242600016L,B,5,B 5,Bergedorfer Straße,2,128,1,605.0,,0,,"LINESTRING (10.088267 53.542896,10.088368 53.542856,10.088947 53.542630,10.089697 53.542341,10.090156 53.542165,10.091027 53.541837)",EPSG:4326
232500214N 232500214S,B,433,B 433,Zeppelinstraße,2,432,4,476.0,,0,,"LINESTRING (9.986161 53.648426,9.986228 53.648383,9.986334 53.648303,9.986421 53.648214,9.986497 53.648116,9.986553 53.648012,9.986600 53.647919,9.986650 53.647772,9.986802 53.647307,9.986872 53.647115,9.986954 53.646924,9.987031 53.646751,9.987145 53.646543,9.987173 53.646493,9.987282 53.646315,9.987419 53.646115,9.987560 53.645920,9.988010 53.645372)",EPSG:4326
232600072 232500037,B,433,B 433,Zeppelinstraße,2,431,4,2628.0,,0,,"LINESTRING (10.009610 53.634541,10.009618 53.634666,10.009640 53.634957,10.009647 53.635441,10.009644 53.635742,10.009635 53.636040,10.009632 53.636115)",EPSG:4326
232600072 232500037,B,433,B 433,Zeppelinstraße,2,432,4,2628.0,,0,,"LINESTRING (10.009632 53.636115,10.009621 53.636327,10.009611 53.636502,10.009592 53.636674,10.009579 53.636785,10.009552 53.636993,10.009513 53.637217,10.009484 53.637329,10.009413 53.637555,10.009359 53.637697,10.009284 53.637857,10.009196 53.638038,10.009119 53.638168,10.009020 53.638312,10.008948 53.638414,10.008753 53.638638,10.008516 53.638859,10.008283 53.639039,10.008044 53.639199,10.007932 53.639263,10.007675 53.639404,10.007309 53.639579,10.007020 53.639692,10.006957 53.639715,10.006713 53.639792,10.006301 53.639910,10.006188 53.639936,10.006080 53.639961,10.005937 53.639990,10.005809 53.640013,10.005652 53.640039,10.005507 53.640061,10.005334 53.640083,10.005330 53.640083)",EPSG:4326
232600072 232500037,B,433,B 433,Zeppelinstraße,2,431,4,2628.0,,0,,"LINESTRING (10.005330 53.640083,10.005164 53.640102,10.004975 53.640118,10.004786 53.640131,10.004606 53.640139,10.004432 53.640144,10.004074 53.640139,10.003941 53.640134,10.003721 53.640124,10.003575 53.640111,10.003387 53.640092,10.003145 53.640060,10.002961 53.640033)",EPSG:4326
232600072 232500037,B,433,B 433,Zeppelinstraße,2,432,4,2628.0,,0,,"LINESTRING (10.002961 53.640033,10.002907 53.640026,10.002568 53.639960,10.002281 53.639896,10.001942 53.639814,10.001503 53.639696,10.000866 53.639537,10.000419 53.639443,10.000029 53.639375,9.999702 53.639330,9.999291 53.639285,9.998841 53.639251,9.998367 53.639235,9.997897 53.639235,9.997555 53.639245,9.997017 53.639283,9.996549 53.639336,9.996221 53.639385,9.995707 53.639480,9.995393 53.639550,9.995079 53.639630,9.994877 53.639688,9.994670 53.639747,9.994405 53.639838,9.994326 53.639866,9.993999 53.639988,9.993672 53.640127,9.993298 53.640305,9.993006 53.640463,9.992849 53.640556,9.992668 53.640669,9.992419 53.640832,9.992210 53.640981,9.992090 53.641069,9.991946 53.641179,9.991730 53.641351,9.991685 53.641390,9.991593 53.641468,9.991463 53.641580,9.991419 53.641618,9.991167 53.641860,9.990924 53.642120,9.990708 53.642366,9.990539 53.642560,9.990467 53.642645,9.990359 53.642770,9.990205 53.642951,9.990085 53.643095,9.988270 53.645201)",EPSG:4326
232600072 232500037,B,433,B 433,Zeppelinstraße,2,432,4,2628.0,,0,,"LINESTRING (9.988270 53.645201,9.988158 53.645332,9.987965 53.645561,9.987791 53.645779,9.987656 53.645971,9.987642 53.645993,9.987621 53.646024,9.987556 53.646136,9.987446 53.646351,9.987434 53.646379,9.987372 53.646529,9.987365 53.646549,9.987311 53.646728)",EPSG:4326
232600072 232500037,B,433,B 433,Zeppelinstraße,2,432,4,2628.0,,0,,"LINESTRING (9.987311 53.646728,9.987289 53.646805,9.987236 53.647033,9.987211 53.647153,9.987193 53.647235,9.987179 53.647304,9.987155 53.647410,9.987136 53.647491,9.987084 53.647646,9.987021 53.647798,9.986948 53.647947,9.986857 53.648094,9.986774 53.648200,9.986633 53.648377,9.986436 53.648570)",EPSG:4326
